in 	 tar 
0 	 8 
1 	 0 
2 	 0 
3 	 0 
4 	 0 
5 	 0 
6 	 1 
7 	 0 
8 	 0 
9 	 0 
10 	 2 
11 	 0 
12 	 0 
13 	 2 
14 	 1 
15 	 1 
16 	 0 
17 	 4 
18 	 0 
19 	 1 
20 	 1 
21 	 2 
22 	 0 
23 	 0 
24 	 0 
25 	 0 
26 	 0 
27 	 0 
28 	 0 
29 	 1 
30 	 0 
31 	 0 
32 	 1 
33 	 1 
34 	 0 
35 	 0 
36 	 1 
37 	 0 
38 	 0 
39 	 1 
40 	 0 
41 	 1 
42 	 0 
43 	 0 
44 	 0 
45 	 0 
46 	 0 
47 	 1 
48 	 0 
49 	 1 
50 	 0 
51 	 0 
52 	 0 
53 	 0 
54 	 0 
55 	 0 
56 	 0 
57 	 0 
58 	 0 
59 	 0 
60 	 7 
61 	 0 
62 	 0 
63 	 0 
64 	 0 
65 	 0 
66 	 2 
67 	 0 
68 	 0 
69 	 1 
70 	 0 
71 	 0 
72 	 0 
73 	 0 
74 	 27 
75 	 36 
76 	 9 
77 	 0 
78 	 0 
79 	 0 
80 	 28 
81 	 68 
82 	 2 
83 	 44 
84 	 140 
85 	 146 
86 	 173 
87 	 162 
88 	 40 
89 	 0 
90 	 15 
91 	 75 
92 	 15 
93 	 0 
94 	 45 
95 	 15 
96 	 15 
97 	 0 
98 	 0 
99 	 0 
100 	 0 
101 	 0 
102 	 0 
103 	 0 
104 	 30 
105 	 0 
106 	 28 
107 	 3 
108 	 15 
109 	 0 
110 	 27 
111 	 13 
112 	 5 
113 	 6 
114 	 0 
115 	 0 
116 	 0 
117 	 0 
118 	 0 
119 	 0 
120 	 8 
121 	 0 
122 	 17 
123 	 15 
124 	 2 
125 	 10 
126 	 6 
127 	 1 
128 	 2 
129 	 1 
130 	 0 
131 	 1 
132 	 0 
133 	 0 
134 	 2 
135 	 1 
136 	 10 
137 	 21 
138 	 50 
139 	 8 
140 	 5 
141 	 15 
142 	 0 
143 	 28 
144 	 55 
145 	 2 
146 	 1 
147 	 44 
148 	 72 
149 	 117 
150 	 79 
151 	 88 
152 	 16 
153 	 73 
154 	 76 
155 	 76 
156 	 84 
157 	 82 
158 	 50 
159 	 72 
160 	 1 
161 	 16 
162 	 46 
163 	 16 
164 	 0 
165 	 15 
166 	 0 
167 	 0 
168 	 0 
169 	 0 
170 	 35 
171 	 25 
172 	 0 
173 	 0 
174 	 0 
175 	 0 
176 	 0 
177 	 15 
178 	 31 
179 	 6 
180 	 14 
181 	 1 
182 	 0 
183 	 0 
184 	 0 
185 	 0 
186 	 33 
187 	 1 
188 	 14 
189 	 0 
190 	 15 
191 	 30 
192 	 7 
193 	 9 
194 	 5 
195 	 0 
196 	 5 
197 	 0 
198 	 0 
199 	 1 
200 	 0 
201 	 14 
202 	 6 
203 	 14 
204 	 0 
205 	 0 
206 	 29 
207 	 60 
208 	 30 
209 	 40 
210 	 0 
211 	 0 
212 	 0 
213 	 1 
214 	 14 
215 	 42 
216 	 1 
217 	 29 
218 	 61 
219 	 74 
220 	 45 
221 	 60 
222 	 31 
223 	 45 
224 	 15 
225 	 65 
226 	 40 
227 	 15 
228 	 0 
229 	 30 
230 	 0 
231 	 15 
232 	 0 
233 	 2 
234 	 31 
235 	 65 
236 	 26 
237 	 16 
238 	 0 
239 	 16 
240 	 40 
241 	 31 
242 	 1 
243 	 16 
244 	 0 
245 	 10 
246 	 1 
247 	 1 
248 	 0 
249 	 0 
250 	 0 
251 	 45 
252 	 15 
253 	 0 
254 	 5 
255 	 21 
256 	 16 
257 	 5 
258 	 7 
259 	 8 
260 	 5 
261 	 1 
262 	 16 
263 	 0 
264 	 1 
265 	 15 
266 	 13 
267 	 20 
268 	 5 
269 	 0 
270 	 15 
271 	 5 
272 	 5 
273 	 5 
274 	 10 
275 	 0 
276 	 0 
277 	 0 
278 	 0 
279 	 0 
280 	 0 
281 	 1 
282 	 26 
283 	 49 
284 	 29 
285 	 15 
286 	 15 
287 	 15 
288 	 0 
289 	 0 
290 	 0 
291 	 0 
292 	 0 
293 	 0 
294 	 0 
295 	 0 
296 	 0 
297 	 0 
298 	 0 
299 	 15 
300 	 66 
301 	 53 
302 	 22 
303 	 15 
304 	 15 
305 	 0 
306 	 0 
307 	 0 
308 	 0 
309 	 0 
310 	 0 
311 	 0 
312 	 0 
313 	 1 
314 	 0 
315 	 0 
316 	 15 
317 	 31 
318 	 28 
319 	 2 
320 	 17 
321 	 1 
322 	 0 
323 	 0 
324 	 2 
325 	 0 
326 	 0 
327 	 1 
328 	 0 
329 	 0 
330 	 0 
331 	 0 
332 	 16 
333 	 15 
334 	 15 
335 	 15 
336 	 0 
337 	 0 
338 	 0 
339 	 0 
340 	 1 
341 	 0 
342 	 0 
343 	 0 
344 	 0 
345 	 0 
346 	 0 
347 	 5 
348 	 1 
349 	 9 
350 	 15 
351 	 5 
352 	 5 
353 	 0 
354 	 0 
355 	 0 
356 	 0 
357 	 0 
358 	 0 
359 	 0 
360 	 8 
361 	 0 
362 	 0 
363 	 5 
364 	 0 
365 	 2 
366 	 8 
367 	 0 
368 	 0 
369 	 0 
370 	 0 
371 	 30 
372 	 16 
373 	 30 
374 	 16 
375 	 1 
376 	 2 
377 	 2 
378 	 15 
379 	 1 
380 	 4 
381 	 0 
382 	 0 
383 	 0 
384 	 1 
385 	 0 
386 	 0 
387 	 0 
388 	 0 
389 	 1 
390 	 2 
391 	 1 
392 	 0 
393 	 1 
394 	 15 
395 	 2 
396 	 2 
397 	 4 
398 	 4 
399 	 5 
400 	 4 
401 	 4 
402 	 4 
403 	 4 
404 	 4 
405 	 5 
406 	 5 
407 	 4 
408 	 4 
409 	 11 
410 	 9 
411 	 7 
412 	 5 
413 	 6 
414 	 4 
415 	 6 
416 	 2 
417 	 6 
418 	 4 
419 	 4 
420 	 10 
421 	 4 
422 	 4 
423 	 4 
424 	 18 
425 	 4 
426 	 19 
427 	 34 
428 	 19 
429 	 20 
430 	 20 
431 	 5 
432 	 5 
433 	 20 
434 	 5 
435 	 4 
436 	 6 
437 	 5 
438 	 5 
439 	 4 
440 	 7 
441 	 5 
442 	 7 
443 	 8 
444 	 6 
445 	 9 
446 	 6 
447 	 7 
448 	 7 
449 	 23 
450 	 7 
451 	 5 
452 	 9 
453 	 10 
454 	 10 
455 	 9 
456 	 23 
457 	 11 
458 	 14 
459 	 12 
460 	 13 
461 	 12 
462 	 12 
463 	 13 
464 	 19 
465 	 9 
466 	 10 
467 	 8 
468 	 10 
469 	 9 
470 	 6 
471 	 7 
472 	 24 
473 	 22 
474 	 21 
475 	 22 
476 	 14 
477 	 14 
478 	 5 
479 	 10 
480 	 23 
481 	 11 
482 	 21 
483 	 7 
484 	 6 
485 	 6 
486 	 11 
487 	 10 
488 	 7 
489 	 22 
490 	 6 
491 	 5 
492 	 5 
493 	 7 
494 	 6 
495 	 7 
496 	 6 
497 	 5 
498 	 23 
499 	 11 
500 	 8 
501 	 8 
502 	 10 
503 	 12 
504 	 11 
505 	 25 
506 	 26 
507 	 9 
508 	 8 
509 	 6 
510 	 7 
511 	 9 
512 	 8 
513 	 9 
514 	 20 
515 	 12 
516 	 11 
517 	 15 
518 	 14 
519 	 16 
520 	 13 
521 	 29 
522 	 13 
523 	 13 
524 	 16 
525 	 11 
526 	 13 
527 	 14 
528 	 8 
529 	 10 
530 	 12 
531 	 23 
532 	 14 
533 	 10 
534 	 8 
535 	 7 
536 	 11 
537 	 38 
538 	 30 
539 	 9 
540 	 14 
541 	 5 
542 	 9 
543 	 11 
544 	 10 
545 	 6 
546 	 6 
547 	 6 
548 	 4 
549 	 7 
550 	 2 
551 	 4 
552 	 5 
553 	 10 
554 	 25 
555 	 11 
556 	 25 
557 	 10 
558 	 9 
559 	 11 
560 	 9 
561 	 10 
562 	 9 
563 	 12 
564 	 11 
565 	 10 
566 	 6 
567 	 10 
568 	 7 
569 	 24 
570 	 8 
571 	 10 
572 	 26 
573 	 11 
574 	 13 
575 	 14 
576 	 13 
577 	 12 
578 	 16 
579 	 13 
580 	 11 
581 	 13 
582 	 4 
583 	 2 
584 	 3 
585 	 12 
586 	 8 
587 	 6 
588 	 20 
589 	 6 
590 	 7 
591 	 5 
592 	 5 
593 	 9 
594 	 5 
595 	 5 
596 	 9 
597 	 10 
598 	 9 
599 	 8 
600 	 21 
601 	 9 
602 	 9 
603 	 9 
604 	 8 
605 	 12 
606 	 9 
607 	 10 
608 	 12 
609 	 23 
610 	 10 
611 	 18 
612 	 9 
613 	 10 
614 	 12 
615 	 8 
616 	 12 
617 	 9 
618 	 15 
619 	 8 
620 	 8 
621 	 21 
622 	 9 
623 	 11 
624 	 13 
625 	 21 
626 	 12 
627 	 10 
628 	 13 
629 	 12 
630 	 11 
631 	 11 
632 	 11 
633 	 13 
634 	 12 
635 	 9 
636 	 20 
637 	 14 
638 	 11 
639 	 18 
640 	 11 
641 	 21 
642 	 9 
643 	 18 
644 	 11 
645 	 16 
646 	 16 
647 	 10 
648 	 14 
649 	 11 
650 	 13 
651 	 11 
652 	 6 
653 	 0 
654 	 9 
655 	 8 
656 	 3 
657 	 2 
658 	 3 
659 	 3 
660 	 9 
661 	 9 
662 	 3 
663 	 3 
664 	 4 
665 	 4 
666 	 2 
667 	 8 
668 	 2 
669 	 7 
670 	 2 
671 	 3 
672 	 6 
673 	 4 
674 	 2 
675 	 6 
676 	 3 
677 	 4 
678 	 4 
679 	 4 
680 	 5 
681 	 4 
682 	 10 
683 	 8 
684 	 7 
685 	 7 
686 	 6 
687 	 9 
688 	 5 
689 	 14 
690 	 19 
691 	 16 
692 	 17 
693 	 16 
694 	 15 
695 	 15 
696 	 5 
697 	 14 
698 	 7 
699 	 5 
700 	 8 
701 	 6 
702 	 14 
703 	 16 
704 	 10 
705 	 8 
706 	 15 
707 	 4 
708 	 1 
709 	 11 
710 	 18 
711 	 3 
712 	 8 
713 	 15 
714 	 3 
715 	 6 
716 	 6 
717 	 4 
718 	 11 
719 	 3 
720 	 16 
721 	 6 
722 	 13 
723 	 15 
724 	 14 
725 	 19 
726 	 16 
727 	 10 
728 	 13 
729 	 8 
730 	 13 
731 	 7 
732 	 12 
733 	 10 
734 	 7 
735 	 4 
736 	 7 
737 	 7 
738 	 9 
739 	 4 
740 	 11 
741 	 9 
742 	 4 
743 	 6 
744 	 4 
745 	 15 
746 	 1 
747 	 7 
748 	 5 
749 	 2 
750 	 10 
751 	 4 
752 	 7 
753 	 11 
754 	 5 
755 	 7 
756 	 6 
757 	 8 
758 	 6 
759 	 9 
760 	 3 
761 	 6 
762 	 4 
763 	 9 
764 	 9 
765 	 3 
766 	 7 
767 	 5 
768 	 3 
769 	 3 
770 	 4 
771 	 15 
772 	 2 
773 	 9 
774 	 8 
775 	 5 
776 	 3 
777 	 4 
778 	 8 
779 	 2 
780 	 12 
781 	 4 
782 	 9 
783 	 5 
784 	 0 
785 	 3 
786 	 5 
787 	 10 
788 	 14 
789 	 3 
790 	 4 
791 	 10 
792 	 5 
793 	 11 
794 	 7 
795 	 3 
796 	 3 
797 	 6 
798 	 4 
799 	 7 
800 	 3 
801 	 8 
802 	 14 
803 	 6 
804 	 4 
805 	 4 
806 	 6 
807 	 5 
808 	 9 
809 	 11 
810 	 7 
811 	 6 
812 	 2 
813 	 7 
814 	 7 
815 	 2 
816 	 12 
817 	 3 
818 	 1 
819 	 3 
820 	 2 
821 	 11 
822 	 13 
823 	 13 
824 	 8 
825 	 5 
826 	 6 
827 	 9 
828 	 6 
829 	 4 
830 	 15 
831 	 14 
832 	 11 
833 	 8 
834 	 5 
835 	 10 
836 	 11 
837 	 7 
838 	 7 
839 	 13 
840 	 12 
841 	 6 
842 	 14 
843 	 6 
844 	 14 
845 	 7 
846 	 8 
847 	 4 
848 	 6 
849 	 5 
850 	 5 
851 	 4 
852 	 3 
853 	 2 
854 	 4 
855 	 5 
856 	 3 
857 	 3 
858 	 9 
859 	 3 
860 	 4 
861 	 2 
862 	 8 
863 	 6 
864 	 4 
865 	 3 
866 	 2 
867 	 5 
868 	 3 
869 	 3 
870 	 8 
871 	 6 
872 	 5 
873 	 3 
874 	 3 
875 	 3 
876 	 4 
877 	 6 
878 	 6 
879 	 1 
880 	 3 
881 	 4 
882 	 3 
883 	 4 
884 	 6 
885 	 7 
886 	 9 
887 	 6 
888 	 9 
889 	 12 
890 	 7 
891 	 6 
892 	 9 
893 	 11 
894 	 9 
895 	 8 
896 	 6 
897 	 9 
898 	 7 
899 	 13 
900 	 14 
901 	 12 
902 	 9 
903 	 9 
904 	 11 
905 	 10 
906 	 10 
907 	 7 
908 	 9 
909 	 10 
910 	 5 
911 	 5 
912 	 4 
913 	 19 
914 	 1 
915 	 17 
916 	 7 
917 	 13 
918 	 7 
919 	 10 
920 	 6 
921 	 6 
922 	 2 
923 	 9 
924 	 4 
925 	 2 
926 	 9 
927 	 4 
928 	 7 
929 	 8 
930 	 6 
931 	 9 
932 	 8 
933 	 7 
934 	 3 
935 	 7 
936 	 5 
937 	 4 
938 	 6 
939 	 6 
940 	 4 
941 	 4 
942 	 4 
943 	 3 
944 	 2 
945 	 9 
946 	 13 
947 	 13 
948 	 7 
949 	 7 
950 	 7 
951 	 4 
952 	 8 
953 	 1 
954 	 5 
955 	 4 
956 	 3 
957 	 1 
958 	 2 
959 	 5 
960 	 10 
961 	 6 
962 	 3 
963 	 2 
964 	 3 
965 	 5 
966 	 3 
967 	 4 
968 	 10 
969 	 4 
970 	 2 
971 	 2 
972 	 3 
973 	 5 
974 	 1 
975 	 4 
976 	 6 
977 	 3 
978 	 1 
979 	 13 
980 	 2 
981 	 3 
982 	 4 
983 	 2 
984 	 2 
985 	 4 
986 	 2 
987 	 5 
988 	 8 
989 	 6 
990 	 5 
991 	 2 
992 	 6 
993 	 3 
994 	 4 
995 	 3 
996 	 5 
997 	 3 
998 	 4 
999 	 5 
1000 	 4 
1001 	 6 
1002 	 1 
1003 	 3 
1004 	 3 
1005 	 1 
1006 	 9 
1007 	 4 
1008 	 9 
1009 	 6 
1010 	 4 
1011 	 5 
1012 	 2 
1013 	 1 
1014 	 5 
1015 	 2 
1016 	 5 
1017 	 3 
1018 	 8 
1019 	 6 
1020 	 20 
1021 	 8 
1022 	 0 
1023 	 3 
1024 	 1 
1025 	 2 
1026 	 2 
1027 	 2 
1028 	 4 
1029 	 1 
1030 	 2 
1031 	 1 
1032 	 0 
1033 	 2 
1034 	 4 
1035 	 0 
1036 	 3 
1037 	 10 
1038 	 1 
1039 	 1 
1040 	 2 
1041 	 1 
1042 	 4 
1043 	 8 
1044 	 3 
1045 	 1 
1046 	 0 
1047 	 1 
1048 	 1 
1049 	 2 
1050 	 0 
1051 	 1 
1052 	 1 
1053 	 4 
1054 	 2 
1055 	 2 
1056 	 3 
1057 	 1 
1058 	 3 
1059 	 0 
1060 	 2 
1061 	 1 
1062 	 2 
1063 	 1 
1064 	 3 
1065 	 1 
1066 	 1 
1067 	 1 
1068 	 1 
1069 	 4 
1070 	 1 
1071 	 2 
1072 	 4 
1073 	 2 
1074 	 2 
1075 	 2 
1076 	 2 
1077 	 0 
1078 	 2 
1079 	 4 
1080 	 10 
1081 	 1 
1082 	 1 
1083 	 5 
1084 	 1 
1085 	 3 
1086 	 2 
1087 	 1 
1088 	 3 
1089 	 4 
1090 	 2 
1091 	 3 
1092 	 2 
1093 	 2 
1094 	 9 
1095 	 4 
1096 	 3 
1097 	 6 
1098 	 6 
1099 	 2 
1100 	 1 
1101 	 5 
1102 	 5 
1103 	 5 
1104 	 4 
1105 	 5 
1106 	 5 
1107 	 3 
1108 	 2 
1109 	 3 
1110 	 1 
1111 	 1 
1112 	 0 
1113 	 1 
1114 	 1 
1115 	 5 
1116 	 2 
1117 	 2 
1118 	 1 
1119 	 1 
1120 	 6 
1121 	 7 
1122 	 2 
1123 	 2 
1124 	 5 
1125 	 0 
1126 	 9 
1127 	 5 
1128 	 4 
1129 	 0 
1130 	 2 
1131 	 3 
1132 	 4 
1133 	 3 
1134 	 6 
1135 	 6 
1136 	 6 
1137 	 5 
1138 	 1 
1139 	 1 
1140 	 18 
1141 	 5 
1142 	 6 
1143 	 5 
1144 	 7 
1145 	 5 
1146 	 7 
1147 	 9 
1148 	 7 
1149 	 11 
1150 	 13 
1151 	 5 
1152 	 8 
1153 	 5 
1154 	 7 
1155 	 5 
1156 	 7 
1157 	 6 
1158 	 4 
1159 	 6 
1160 	 8 
1161 	 7 
1162 	 11 
1163 	 12 
1164 	 5 
1165 	 7 
1166 	 7 
1167 	 4 
1168 	 8 
1169 	 4 
1170 	 5 
1171 	 3 
1172 	 4 
1173 	 7 
1174 	 2 
1175 	 4 
1176 	 7 
1177 	 4 
1178 	 3 
1179 	 1 
1180 	 3 
1181 	 1 
1182 	 3 
1183 	 1 
1184 	 5 
1185 	 0 
1186 	 3 
1187 	 5 
1188 	 2 
1189 	 6 
1190 	 3 
1191 	 5 
1192 	 0 
1193 	 2 
1194 	 1 
1195 	 2 
1196 	 4 
1197 	 2 
1198 	 3 
1199 	 5 
1200 	 21 
1201 	 7 
1202 	 7 
1203 	 7 
1204 	 6 
1205 	 9 
1206 	 2 
1207 	 7 
1208 	 5 
1209 	 11 
1210 	 9 
1211 	 5 
1212 	 8 
1213 	 7 
1214 	 13 
1215 	 8 
1216 	 4 
1217 	 10 
1218 	 8 
1219 	 10 
1220 	 7 
1221 	 3 
1222 	 1 
1223 	 1 
1224 	 1 
1225 	 4 
1226 	 4 
1227 	 6 
1228 	 4 
1229 	 2 
1230 	 7 
1231 	 3 
1232 	 5 
1233 	 3 
1234 	 2 
1235 	 8 
1236 	 3 
1237 	 5 
1238 	 7 
1239 	 2 
1240 	 3 
1241 	 2 
1242 	 5 
1243 	 10 
1244 	 4 
1245 	 4 
1246 	 4 
1247 	 2 
1248 	 1 
1249 	 1 
1250 	 8 
1251 	 3 
1252 	 2 
1253 	 3 
1254 	 5 
1255 	 3 
1256 	 4 
1257 	 9 
1258 	 4 
1259 	 1 
1260 	 8 
1261 	 3 
1262 	 3 
1263 	 3 
1264 	 5 
1265 	 2 
1266 	 2 
1267 	 3 
1268 	 4 
1269 	 5 
1270 	 3 
1271 	 2 
1272 	 4 
1273 	 3 
1274 	 1 
1275 	 7 
1276 	 2 
1277 	 2 
1278 	 2 
1279 	 2 
1280 	 0 
1281 	 3 
1282 	 2 
1283 	 2 
1284 	 3 
1285 	 1 
1286 	 3 
1287 	 3 
1288 	 2 
1289 	 4 
1290 	 2 
1291 	 2 
1292 	 3 
1293 	 2 
1294 	 3 
1295 	 7 
1296 	 7 
1297 	 3 
1298 	 3 
1299 	 6 
1300 	 7 
1301 	 5 
1302 	 3 
1303 	 5 
1304 	 2 
1305 	 3 
1306 	 2 
1307 	 1 
1308 	 1 
1309 	 3 
1310 	 1 
1311 	 1 
1312 	 4 
1313 	 7 
1314 	 2 
1315 	 8 
1316 	 0 
1317 	 5 
1318 	 5 
1319 	 1 
1320 	 10 
1321 	 0 
1322 	 3 
1323 	 2 
1324 	 1 
1325 	 4 
1326 	 3 
1327 	 1 
1328 	 2 
1329 	 3 
1330 	 3 
1331 	 3 
1332 	 6 
1333 	 3 
1334 	 4 
1335 	 2 
1336 	 3 
1337 	 1 
1338 	 4 
1339 	 4 
1340 	 3 
1341 	 2 
1342 	 4 
1343 	 3 
1344 	 4 
1345 	 8 
1346 	 1 
1347 	 5 
1348 	 2 
1349 	 9 
1350 	 0 
1351 	 5 
1352 	 0 
1353 	 5 
1354 	 4 
1355 	 4 
1356 	 2 
1357 	 1 
1358 	 0 
1359 	 8 
1360 	 7 
1361 	 1 
1362 	 1 
1363 	 3 
1364 	 3 
1365 	 0 
1366 	 1 
1367 	 5 
1368 	 2 
1369 	 2 
1370 	 4 
1371 	 7 
1372 	 2 
1373 	 3 
1374 	 1 
1375 	 6 
1376 	 3 
1377 	 4 
1378 	 2 
1379 	 1 
1380 	 8 
1381 	 4 
1382 	 6 
1383 	 3 
1384 	 7 
1385 	 4 
1386 	 1 
1387 	 7 
1388 	 1 
1389 	 1 
1390 	 0 
1391 	 5 
1392 	 2 
1393 	 2 
1394 	 3 
1395 	 2 
1396 	 1 
1397 	 7 
1398 	 1 
1399 	 2 
1400 	 9 
1401 	 0 
1402 	 2 
1403 	 0 
1404 	 1 
1405 	 5 
1406 	 5 
1407 	 0 
1408 	 3 
1409 	 2 
1410 	 4 
1411 	 8 
1412 	 2 
1413 	 0 
1414 	 7 
1415 	 1 
1416 	 1 
1417 	 4 
1418 	 6 
1419 	 2 
1420 	 0 
1421 	 1 
1422 	 2 
1423 	 6 
1424 	 0 
1425 	 5 
1426 	 2 
1427 	 1 
1428 	 7 
1429 	 2 
1430 	 1 
1431 	 1 
1432 	 2 
1433 	 6 
1434 	 0 
1435 	 3 
1436 	 4 
1437 	 3 
1438 	 2 
1439 	 3 
1440 	 9 
1441 	 1 
1442 	 6 
1443 	 1 
1444 	 5 
1445 	 2 
1446 	 0 
1447 	 1 
1448 	 0 
1449 	 2 
1450 	 1 
1451 	 3 
1452 	 5 
1453 	 0 
1454 	 1 
1455 	 5 
1456 	 0 
1457 	 0 
1458 	 1 
1459 	 2 
1460 	 0 
1461 	 0 
1462 	 6 
1463 	 1 
1464 	 1 
1465 	 0 
1466 	 3 
1467 	 3 
1468 	 2 
1469 	 1 
1470 	 0 
1471 	 2 
1472 	 3 
1473 	 0 
1474 	 2 
1475 	 1 
1476 	 3 
1477 	 0 
1478 	 0 
1479 	 5 
1480 	 3 
1481 	 0 
1482 	 58 
1483 	 4 
1484 	 2 
1485 	 1 
1486 	 1 
1487 	 4 
1488 	 0 
1489 	 0 
1490 	 4 
1491 	 1 
1492 	 0 
1493 	 0 
1494 	 9 
1495 	 0 
1496 	 1 
1497 	 0 
1498 	 1 
1499 	 0 
1500 	 8 
1501 	 1 
1502 	 0 
1503 	 4 
1504 	 1 
1505 	 0 
1506 	 1 
1507 	 3 
1508 	 3 
1509 	 1 
1510 	 3 
1511 	 1 
1512 	 0 
1513 	 3 
1514 	 9 
1515 	 47 
1516 	 2 
1517 	 0 
1518 	 3 
1519 	 0 
1520 	 4 
1521 	 63 
1522 	 38 
1523 	 7 
1524 	 81 
1525 	 81 
1526 	 126 
1527 	 108 
1528 	 55 
1529 	 30 
1530 	 16 
1531 	 36 
1532 	 22 
1533 	 9 
1534 	 21 
1535 	 7 
1536 	 19 
1537 	 24 
1538 	 4 
1539 	 7 
1540 	 7 
1541 	 10 
1542 	 38 
1543 	 8 
1544 	 22 
1545 	 7 
1546 	 27 
1547 	 39 
1548 	 3 
1549 	 2 
1550 	 1 
1551 	 2 
1552 	 0 
1553 	 9 
1554 	 11 
1555 	 1 
1556 	 4 
1557 	 11 
1558 	 14 
1559 	 12 
1560 	 17 
1561 	 6 
1562 	 28 
1563 	 2 
1564 	 5 
1565 	 2 
1566 	 1 
1567 	 3 
1568 	 5 
1569 	 1 
1570 	 5 
1571 	 2 
1572 	 0 
1573 	 0 
1574 	 2 
1575 	 0 
1576 	 1 
1577 	 19 
1578 	 28 
1579 	 20 
1580 	 0 
1581 	 10 
1582 	 1 
1583 	 2 
1584 	 59 
1585 	 30 
1586 	 19 
1587 	 75 
1588 	 89 
1589 	 97 
1590 	 113 
1591 	 133 
1592 	 30 
1593 	 51 
1594 	 96 
1595 	 69 
1596 	 60 
1597 	 30 
1598 	 30 
1599 	 0 
1600 	 15 
1601 	 15 
1602 	 0 
1603 	 0 
1604 	 0 
1605 	 0 
1606 	 0 
1607 	 0 
1608 	 0 
1609 	 0 
1610 	 59 
1611 	 17 
1612 	 0 
1613 	 15 
1614 	 8 
1615 	 0 
1616 	 15 
1617 	 15 
1618 	 0 
1619 	 0 
1620 	 5 
1621 	 0 
1622 	 0 
1623 	 0 
1624 	 0 
1625 	 9 
1626 	 16 
1627 	 13 
1628 	 5 
1629 	 14 
1630 	 6 
1631 	 8 
1632 	 13 
1633 	 0 
1634 	 8 
1635 	 0 
1636 	 0 
1637 	 0 
1638 	 14 
1639 	 0 
1640 	 22 
1641 	 42 
1642 	 34 
1643 	 15 
1644 	 30 
1645 	 60 
1646 	 30 
1647 	 35 
1648 	 30 
1649 	 19 
1650 	 18 
1651 	 14 
1652 	 2 
1653 	 15 
1654 	 13 
1655 	 30 
1656 	 0 
1657 	 58 
1658 	 65 
1659 	 69 
1660 	 47 
1661 	 60 
1662 	 45 
1663 	 0 
1664 	 30 
1665 	 15 
1666 	 0 
1667 	 14 
1668 	 16 
1669 	 0 
1670 	 15 
1671 	 8 
1672 	 43 
1673 	 20 
1674 	 0 
1675 	 1 
1676 	 16 
1677 	 45 
1678 	 15 
1679 	 0 
1680 	 6 
1681 	 15 
1682 	 14 
1683 	 14 
1684 	 8 
1685 	 0 
1686 	 5 
1687 	 5 
1688 	 1 
1689 	 30 
1690 	 0 
1691 	 0 
1692 	 0 
1693 	 30 
1694 	 15 
1695 	 15 
1696 	 30 
1697 	 22 
1698 	 22 
1699 	 35 
1700 	 30 
1701 	 17 
1702 	 0 
1703 	 1 
1704 	 1 
1705 	 2 
1706 	 15 
1707 	 14 
1708 	 15 
1709 	 19 
1710 	 5 
1711 	 0 
1712 	 8 
1713 	 0 
1714 	 4 
1715 	 26 
1716 	 30 
1717 	 14 
1718 	 17 
1719 	 0 
1720 	 0 
1721 	 9 
1722 	 0 
1723 	 31 
1724 	 20 
1725 	 35 
1726 	 15 
1727 	 7 
1728 	 0 
1729 	 0 
1730 	 1 
1731 	 1 
1732 	 16 
1733 	 15 
1734 	 0 
1735 	 1 
1736 	 0 
1737 	 19 
1738 	 0 
1739 	 0 
1740 	 20 
1741 	 30 
1742 	 30 
1743 	 15 
1744 	 1 
1745 	 0 
1746 	 1 
1747 	 15 
1748 	 0 
1749 	 15 
1750 	 0 
1751 	 1 
1752 	 0 
1753 	 31 
1754 	 21 
1755 	 2 
1756 	 5 
1757 	 15 
1758 	 2 
1759 	 33 
1760 	 30 
1761 	 5 
1762 	 2 
1763 	 6 
1764 	 25 
1765 	 7 
1766 	 7 
1767 	 0 
1768 	 0 
1769 	 1 
1770 	 15 
1771 	 16 
1772 	 23 
1773 	 12 
1774 	 15 
1775 	 10 
1776 	 3 
1777 	 2 
1778 	 1 
1779 	 5 
1780 	 19 
1781 	 0 
1782 	 0 
1783 	 6 
1784 	 5 
1785 	 1 
1786 	 0 
1787 	 0 
1788 	 6 
1789 	 15 
1790 	 5 
1791 	 5 
1792 	 0 
1793 	 1 
1794 	 0 
1795 	 12 
1796 	 4 
1797 	 0 
1798 	 0 
1799 	 0 
1800 	 13 
1801 	 1 
1802 	 5 
1803 	 1 
1804 	 20 
1805 	 0 
1806 	 0 
1807 	 0 
1808 	 0 
1809 	 1 
1810 	 5 
1811 	 5 
1812 	 8 
1813 	 4 
1814 	 0 
1815 	 1 
1816 	 2 
1817 	 7 
1818 	 6 
1819 	 3 
1820 	 9 
1821 	 6 
1822 	 3 
1823 	 0 
1824 	 14 
1825 	 4 
1826 	 1 
1827 	 17 
1828 	 28 
1829 	 21 
1830 	 24 
1831 	 16 
1832 	 1 
1833 	 0 
1834 	 15 
1835 	 0 
1836 	 4 
1837 	 0 
1838 	 0 
1839 	 0 
1840 	 0 
1841 	 1 
1842 	 1 
1843 	 0 
1844 	 0 
1845 	 0 
1846 	 4 
1847 	 0 
1848 	 0 
1849 	 15 
1850 	 2 
1851 	 0 
1852 	 0 
1853 	 0 
1854 	 1 
1855 	 1 
1856 	 0 
1857 	 0 
1858 	 1 
1859 	 1 
1860 	 5 
1861 	 0 
1862 	 0 
1863 	 1 
1864 	 0 
1865 	 8 
1866 	 1 
1867 	 0 
1868 	 1 
1869 	 1 
1870 	 0 
1871 	 0 
1872 	 0 
1873 	 0 
1874 	 0 
1875 	 0 
1876 	 4 
1877 	 1 
1878 	 0 
1879 	 3 
1880 	 5 
1881 	 1 
1882 	 2 
1883 	 2 
1884 	 0 
1885 	 2 
1886 	 0 
1887 	 1 
1888 	 2 
1889 	 1 
1890 	 15 
1891 	 0 
1892 	 0 
1893 	 0 
1894 	 0 
1895 	 1 
1896 	 1 
1897 	 0 
1898 	 1 
1899 	 0 
1900 	 0 
1901 	 2 
1902 	 1 
1903 	 1 
1904 	 0 
1905 	 7 
1906 	 38 
1907 	 25 
1908 	 9 
1909 	 6 
1910 	 6 
1911 	 5 
1912 	 7 
1913 	 10 
1914 	 8 
1915 	 8 
1916 	 6 
1917 	 9 
1918 	 8 
1919 	 11 
1920 	 15 
1921 	 8 
1922 	 8 
1923 	 36 
1924 	 22 
1925 	 9 
1926 	 14 
1927 	 9 
1928 	 8 
1929 	 12 
1930 	 14 
1931 	 14 
1932 	 11 
1933 	 15 
1934 	 9 
1935 	 8 
1936 	 5 
1937 	 3 
1938 	 3 
1939 	 5 
1940 	 26 
1941 	 7 
1942 	 4 
1943 	 1 
1944 	 1 
1945 	 2 
1946 	 1 
1947 	 6 
1948 	 0 
1949 	 0 
1950 	 2 
1951 	 5 
1952 	 3 
1953 	 4 
1954 	 1 
1955 	 16 
1956 	 1 
1957 	 0 
1958 	 2 
1959 	 5 
1960 	 3 
1961 	 6 
1962 	 3 
1963 	 3 
1964 	 2 
1965 	 4 
1966 	 7 
1967 	 4 
1968 	 1 
1969 	 3 
1970 	 7 
1971 	 7 
1972 	 11 
1973 	 3 
1974 	 3 
1975 	 9 
1976 	 6 
1977 	 5 
1978 	 4 
1979 	 1 
1980 	 11 
1981 	 10 
1982 	 20 
1983 	 11 
1984 	 4 
1985 	 6 
1986 	 3 
1987 	 9 
1988 	 11 
1989 	 11 
1990 	 7 
1991 	 5 
1992 	 3 
1993 	 5 
1994 	 9 
1995 	 7 
1996 	 10 
1997 	 7 
1998 	 2 
1999 	 4 
2000 	 7 
2001 	 7 
2002 	 5 
2003 	 9 
2004 	 4 
2005 	 3 
2006 	 3 
2007 	 1 
2008 	 4 
2009 	 7 
2010 	 3 
2011 	 6 
2012 	 5 
2013 	 6 
2014 	 6 
2015 	 7 
2016 	 7 
2017 	 6 
2018 	 6 
2019 	 3 
2020 	 5 
2021 	 8 
2022 	 11 
2023 	 3 
2024 	 4 
2025 	 5 
2026 	 5 
2027 	 4 
2028 	 5 
2029 	 8 
2030 	 16 
2031 	 3 
2032 	 5 
2033 	 3 
2034 	 7 
2035 	 5 
2036 	 6 
2037 	 4 
2038 	 2 
2039 	 9 
2040 	 15 
2041 	 4 
2042 	 2 
2043 	 2 
2044 	 12 
2045 	 5 
2046 	 7 
2047 	 4 
2048 	 3 
2049 	 11 
2050 	 4 
2051 	 2 
2052 	 8 
2053 	 6 
2054 	 4 
2055 	 5 
2056 	 8 
2057 	 5 
2058 	 3 
2059 	 6 
2060 	 6 
2061 	 9 
2062 	 5 
2063 	 7 
2064 	 4 
2065 	 9 
2066 	 13 
2067 	 9 
2068 	 4 
2069 	 8 
2070 	 5 
2071 	 3 
2072 	 7 
2073 	 9 
2074 	 5 
2075 	 9 
2076 	 4 
2077 	 2 
2078 	 7 
2079 	 6 
2080 	 4 
2081 	 4 
2082 	 14 
2083 	 10 
2084 	 12 
2085 	 9 
2086 	 13 
2087 	 10 
2088 	 7 
2089 	 9 
2090 	 11 
2091 	 7 
2092 	 16 
2093 	 8 
2094 	 12 
2095 	 7 
2096 	 6 
2097 	 10 
2098 	 12 
2099 	 5 
2100 	 11 
2101 	 3 
2102 	 2 
2103 	 7 
2104 	 20 
2105 	 13 
2106 	 10 
2107 	 11 
2108 	 8 
2109 	 10 
2110 	 11 
2111 	 12 
2112 	 7 
2113 	 10 
2114 	 9 
2115 	 8 
2116 	 9 
2117 	 9 
2118 	 9 
2119 	 10 
2120 	 11 
2121 	 9 
2122 	 8 
2123 	 14 
2124 	 10 
2125 	 7 
2126 	 15 
2127 	 10 
2128 	 11 
2129 	 10 
2130 	 11 
2131 	 6 
2132 	 14 
2133 	 5 
2134 	 11 
2135 	 12 
2136 	 9 
2137 	 8 
2138 	 11 
2139 	 9 
2140 	 7 
2141 	 12 
2142 	 17 
2143 	 11 
2144 	 4 
2145 	 4 
2146 	 4 
2147 	 7 
2148 	 9 
2149 	 6 
2150 	 6 
2151 	 2 
2152 	 8 
2153 	 2 
2154 	 3 
2155 	 11 
2156 	 6 
2157 	 9 
2158 	 6 
2159 	 6 
2160 	 12 
2161 	 8 
2162 	 10 
2163 	 8 
2164 	 11 
2165 	 5 
2166 	 17 
2167 	 9 
2168 	 10 
2169 	 7 
2170 	 3 
2171 	 4 
2172 	 10 
2173 	 5 
2174 	 4 
2175 	 10 
2176 	 9 
2177 	 6 
2178 	 6 
2179 	 4 
2180 	 12 
2181 	 11 
2182 	 19 
2183 	 10 
2184 	 20 
2185 	 13 
2186 	 7 
2187 	 6 
2188 	 14 
2189 	 4 
2190 	 14 
2191 	 16 
2192 	 7 
2193 	 6 
2194 	 8 
2195 	 4 
2196 	 7 
2197 	 3 
2198 	 6 
2199 	 8 
2200 	 4 
2201 	 7 
2202 	 6 
2203 	 6 
2204 	 5 
2205 	 10 
2206 	 9 
2207 	 6 
2208 	 14 
2209 	 5 
2210 	 8 
2211 	 8 
2212 	 8 
2213 	 5 
2214 	 6 
2215 	 8 
2216 	 11 
2217 	 13 
2218 	 15 
2219 	 7 
2220 	 21 
2221 	 17 
2222 	 17 
2223 	 22 
2224 	 21 
2225 	 12 
2226 	 12 
2227 	 2 
2228 	 12 
2229 	 4 
2230 	 8 
2231 	 3 
2232 	 8 
2233 	 7 
2234 	 12 
2235 	 11 
2236 	 17 
2237 	 10 
2238 	 14 
2239 	 23 
2240 	 12 
2241 	 18 
2242 	 10 
2243 	 15 
2244 	 25 
2245 	 7 
2246 	 6 
2247 	 4 
2248 	 14 
2249 	 6 
2250 	 8 
2251 	 4 
2252 	 9 
2253 	 1 
2254 	 6 
2255 	 3 
2256 	 10 
2257 	 7 
2258 	 4 
2259 	 5 
2260 	 5 
2261 	 5 
2262 	 3 
2263 	 18 
2264 	 5 
2265 	 6 
2266 	 8 
2267 	 2 
2268 	 2 
2269 	 4 
2270 	 4 
2271 	 3 
2272 	 4 
2273 	 1 
2274 	 4 
2275 	 2 
2276 	 17 
2277 	 10 
2278 	 7 
2279 	 6 
2280 	 16 
2281 	 3 
2282 	 3 
2283 	 3 
2284 	 5 
2285 	 1 
2286 	 2 
2287 	 3 
2288 	 2 
2289 	 4 
2290 	 4 
2291 	 12 
2292 	 9 
2293 	 8 
2294 	 8 
2295 	 1 
2296 	 3 
2297 	 4 
2298 	 6 
2299 	 3 
2300 	 2 
2301 	 9 
2302 	 4 
2303 	 1 
2304 	 7 
2305 	 4 
2306 	 1 
2307 	 6 
2308 	 8 
2309 	 7 
2310 	 1 
2311 	 3 
2312 	 3 
2313 	 3 
2314 	 12 
2315 	 12 
2316 	 2 
2317 	 3 
2318 	 8 
2319 	 7 
2320 	 6 
2321 	 9 
2322 	 4 
2323 	 3 
2324 	 10 
2325 	 8 
2326 	 2 
2327 	 4 
2328 	 6 
2329 	 4 
2330 	 7 
2331 	 9 
2332 	 5 
2333 	 5 
2334 	 8 
2335 	 5 
2336 	 7 
2337 	 7 
2338 	 6 
2339 	 5 
2340 	 7 
2341 	 3 
2342 	 10 
2343 	 2 
2344 	 4 
2345 	 3 
2346 	 9 
2347 	 2 
2348 	 4 
2349 	 8 
2350 	 2 
2351 	 1 
2352 	 8 
2353 	 7 
2354 	 4 
2355 	 3 
2356 	 3 
2357 	 2 
2358 	 4 
2359 	 5 
2360 	 6 
2361 	 3 
2362 	 7 
2363 	 7 
2364 	 5 
2365 	 9 
2366 	 4 
2367 	 7 
2368 	 6 
2369 	 9 
2370 	 4 
2371 	 6 
2372 	 9 
2373 	 3 
2374 	 5 
2375 	 3 
2376 	 5 
2377 	 8 
2378 	 8 
2379 	 6 
2380 	 3 
2381 	 8 
2382 	 9 
2383 	 7 
2384 	 7 
2385 	 9 
2386 	 5 
2387 	 5 
2388 	 4 
2389 	 3 
2390 	 10 
2391 	 4 
2392 	 4 
2393 	 7 
2394 	 6 
2395 	 5 
2396 	 4 
2397 	 8 
2398 	 9 
2399 	 5 
2400 	 12 
2401 	 5 
2402 	 2 
2403 	 4 
2404 	 4 
2405 	 5 
2406 	 4 
2407 	 5 
2408 	 3 
2409 	 4 
2410 	 9 
2411 	 5 
2412 	 6 
2413 	 19 
2414 	 9 
2415 	 7 
2416 	 4 
2417 	 6 
2418 	 6 
2419 	 4 
2420 	 1 
2421 	 3 
2422 	 2 
2423 	 4 
2424 	 3 
2425 	 4 
2426 	 6 
2427 	 7 
2428 	 10 
2429 	 3 
2430 	 3 
2431 	 2 
2432 	 4 
2433 	 2 
2434 	 4 
2435 	 2 
2436 	 3 
2437 	 3 
2438 	 4 
2439 	 6 
2440 	 2 
2441 	 8 
2442 	 6 
2443 	 3 
2444 	 2 
2445 	 2 
2446 	 2 
2447 	 1 
2448 	 2 
2449 	 3 
2450 	 3 
2451 	 1 
2452 	 2 
2453 	 6 
2454 	 0 
2455 	 11 
2456 	 3 
2457 	 1 
2458 	 4 
2459 	 0 
2460 	 13 
2461 	 0 
2462 	 2 
2463 	 2 
2464 	 3 
2465 	 3 
2466 	 3 
2467 	 5 
2468 	 5 
2469 	 10 
2470 	 2 
2471 	 1 
2472 	 2 
2473 	 1 
2474 	 1 
2475 	 4 
2476 	 5 
2477 	 2 
2478 	 5 
2479 	 4 
2480 	 3 
2481 	 7 
2482 	 8 
2483 	 10 
2484 	 3 
2485 	 8 
2486 	 3 
2487 	 3 
2488 	 3 
2489 	 3 
2490 	 4 
2491 	 7 
2492 	 7 
2493 	 4 
2494 	 2 
2495 	 7 
2496 	 6 
2497 	 9 
2498 	 0 
2499 	 6 
2500 	 3 
2501 	 3 
2502 	 1 
2503 	 4 
2504 	 2 
2505 	 2 
2506 	 7 
2507 	 2 
2508 	 1 
2509 	 2 
2510 	 16 
2511 	 5 
2512 	 6 
2513 	 2 
2514 	 4 
2515 	 2 
2516 	 1 
2517 	 1 
2518 	 0 
2519 	 1 
2520 	 9 
2521 	 6 
2522 	 3 
2523 	 2 
2524 	 5 
2525 	 1 
2526 	 1 
2527 	 2 
2528 	 1 
2529 	 2 
2530 	 0 
2531 	 6 
2532 	 0 
2533 	 3 
2534 	 2 
2535 	 2 
2536 	 6 
2537 	 12 
2538 	 11 
2539 	 16 
2540 	 1 
2541 	 1 
2542 	 3 
2543 	 3 
2544 	 0 
2545 	 1 
2546 	 3 
2547 	 0 
2548 	 1 
2549 	 2 
2550 	 0 
2551 	 3 
2552 	 7 
2553 	 4 
2554 	 2 
2555 	 5 
2556 	 2 
2557 	 9 
2558 	 4 
2559 	 1 
2560 	 11 
2561 	 0 
2562 	 1 
2563 	 2 
2564 	 4 
2565 	 6 
2566 	 2 
2567 	 11 
2568 	 2 
2569 	 7 
2570 	 4 
2571 	 3 
2572 	 7 
2573 	 4 
2574 	 8 
2575 	 10 
2576 	 3 
2577 	 13 
2578 	 11 
2579 	 5 
2580 	 23 
2581 	 9 
2582 	 9 
2583 	 7 
2584 	 7 
2585 	 9 
2586 	 10 
2587 	 6 
2588 	 6 
2589 	 10 
2590 	 11 
2591 	 4 
2592 	 6 
2593 	 5 
2594 	 8 
2595 	 5 
2596 	 8 
2597 	 7 
2598 	 11 
2599 	 9 
2600 	 4 
2601 	 10 
2602 	 5 
2603 	 7 
2604 	 5 
2605 	 8 
2606 	 10 
2607 	 12 
2608 	 7 
2609 	 7 
2610 	 12 
2611 	 7 
2612 	 8 
2613 	 11 
2614 	 13 
2615 	 8 
2616 	 7 
2617 	 12 
2618 	 11 
2619 	 5 
2620 	 6 
2621 	 13 
2622 	 5 
2623 	 4 
2624 	 5 
2625 	 2 
2626 	 9 
2627 	 3 
2628 	 6 
2629 	 15 
2630 	 6 
2631 	 3 
2632 	 2 
2633 	 5 
2634 	 8 
2635 	 3 
2636 	 1 
2637 	 5 
2638 	 6 
2639 	 12 
2640 	 15 
2641 	 1 
2642 	 10 
2643 	 7 
2644 	 4 
2645 	 4 
2646 	 4 
2647 	 6 
2648 	 8 
2649 	 4 
2650 	 5 
2651 	 1 
2652 	 1 
2653 	 12 
2654 	 3 
2655 	 2 
2656 	 3 
2657 	 7 
2658 	 6 
2659 	 8 
2660 	 13 
2661 	 7 
2662 	 5 
2663 	 5 
2664 	 3 
2665 	 6 
2666 	 4 
2667 	 4 
2668 	 4 
2669 	 4 
2670 	 4 
2671 	 4 
2672 	 4 
2673 	 1 
2674 	 1 
2675 	 3 
2676 	 2 
2677 	 3 
2678 	 4 
2679 	 1 
2680 	 3 
2681 	 1 
2682 	 5 
2683 	 4 
2684 	 4 
2685 	 3 
2686 	 0 
2687 	 1 
2688 	 1 
2689 	 3 
2690 	 1 
2691 	 2 
2692 	 1 
2693 	 2 
2694 	 3 
2695 	 11 
2696 	 9 
2697 	 2 
2698 	 2 
2699 	 1 
2700 	 7 
2701 	 0 
2702 	 1 
2703 	 3 
2704 	 4 
2705 	 0 
2706 	 0 
2707 	 4 
2708 	 2 
2709 	 5 
2710 	 0 
2711 	 2 
2712 	 3 
2713 	 1 
2714 	 2 
2715 	 1 
2716 	 2 
2717 	 5 
2718 	 1 
2719 	 3 
2720 	 3 
2721 	 2 
2722 	 3 
2723 	 0 
2724 	 1 
2725 	 0 
2726 	 2 
2727 	 1 
2728 	 2 
2729 	 0 
2730 	 2 
2731 	 0 
2732 	 3 
2733 	 0 
2734 	 1 
2735 	 1 
2736 	 0 
2737 	 1 
2738 	 0 
2739 	 0 
2740 	 2 
2741 	 1 
2742 	 1 
2743 	 3 
2744 	 0 
2745 	 0 
2746 	 3 
2747 	 2 
2748 	 2 
2749 	 1 
2750 	 3 
2751 	 1 
2752 	 1 
2753 	 2 
2754 	 1 
2755 	 4 
2756 	 6 
2757 	 1 
2758 	 1 
2759 	 3 
2760 	 11 
2761 	 2 
2762 	 3 
2763 	 4 
2764 	 2 
2765 	 1 
2766 	 3 
2767 	 5 
2768 	 2 
2769 	 3 
2770 	 3 
2771 	 3 
2772 	 7 
2773 	 1 
2774 	 2 
2775 	 2 
2776 	 1 
2777 	 5 
2778 	 3 
2779 	 4 
2780 	 0 
2781 	 2 
2782 	 4 
2783 	 4 
2784 	 4 
2785 	 2 
2786 	 2 
2787 	 1 
2788 	 2 
2789 	 1 
2790 	 2 
2791 	 2 
2792 	 2 
2793 	 1 
2794 	 1 
2795 	 2 
2796 	 2 
2797 	 1 
2798 	 1 
2799 	 0 
2800 	 3 
2801 	 1 
2802 	 1 
2803 	 2 
2804 	 1 
2805 	 2 
2806 	 2 
2807 	 1 
2808 	 0 
2809 	 2 
2810 	 4 
2811 	 3 
2812 	 2 
2813 	 3 
2814 	 2 
2815 	 10 
2816 	 0 
2817 	 1 
2818 	 9 
2819 	 6 
2820 	 13 
2821 	 1 
2822 	 4 
2823 	 2 
2824 	 1 
2825 	 5 
2826 	 0 
2827 	 3 
2828 	 0 
2829 	 4 
2830 	 4 
2831 	 1 
2832 	 0 
2833 	 5 
2834 	 1 
2835 	 7 
2836 	 0 
2837 	 2 
2838 	 0 
2839 	 2 
2840 	 7 
2841 	 2 
2842 	 0 
2843 	 3 
2844 	 4 
2845 	 0 
2846 	 1 
2847 	 1 
2848 	 3 
2849 	 0 
2850 	 1 
2851 	 1 
2852 	 1 
2853 	 1 
2854 	 0 
2855 	 1 
2856 	 2 
2857 	 1 
2858 	 0 
2859 	 3 
2860 	 0 
2861 	 1 
2862 	 0 
2863 	 1 
2864 	 1 
2865 	 9 
2866 	 0 
2867 	 0 
2868 	 2 
2869 	 5 
2870 	 0 
2871 	 1 
2872 	 3 
2873 	 0 
2874 	 1 
2875 	 8 
2876 	 3 
2877 	 0 
2878 	 1 
2879 	 1 
2880 	 8 
2881 	 0 
2882 	 4 
2883 	 0 
2884 	 0 
2885 	 1 
2886 	 1 
2887 	 1 
2888 	 0 
2889 	 3 
2890 	 6 
2891 	 0 
2892 	 1 
2893 	 0 
2894 	 0 
2895 	 6 
2896 	 2 
2897 	 1 
2898 	 1 
2899 	 1 
2900 	 0 
2901 	 2 
2902 	 2 
2903 	 0 
2904 	 2 
2905 	 0 
2906 	 2 
2907 	 0 
2908 	 1 
2909 	 0 
2910 	 0 
2911 	 1 
2912 	 0 
2913 	 3 
2914 	 1 
2915 	 0 
2916 	 4 
2917 	 2 
2918 	 0 
2919 	 0 
2920 	 1 
2921 	 2 
2922 	 60 
2923 	 0 
2924 	 1 
2925 	 0 
2926 	 3 
2927 	 1 
2928 	 0 
2929 	 0 
2930 	 3 
2931 	 1 
2932 	 1 
2933 	 2 
2934 	 1 
2935 	 0 
2936 	 0 
2937 	 4 
2938 	 0 
2939 	 0 
2940 	 5 
2941 	 4 
2942 	 0 
2943 	 2 
2944 	 0 
2945 	 0 
2946 	 4 
2947 	 0 
2948 	 1 
2949 	 6 
2950 	 0 
2951 	 0 
2952 	 0 
2953 	 2 
2954 	 21 
2955 	 45 
2956 	 0 
2957 	 4 
2958 	 0 
2959 	 0 
2960 	 15 
2961 	 56 
2962 	 24 
2963 	 33 
2964 	 86 
2965 	 128 
2966 	 90 
2967 	 30 
2968 	 60 
2969 	 16 
2970 	 29 
2971 	 2 
2972 	 15 
2973 	 0 
2974 	 2 
2975 	 20 
2976 	 0 
2977 	 1 
2978 	 0 
2979 	 0 
2980 	 0 
2981 	 46 
2982 	 30 
2983 	 30 
2984 	 1 
2985 	 15 
2986 	 30 
2987 	 16 
2988 	 19 
2989 	 13 
2990 	 16 
2991 	 15 
2992 	 1 
2993 	 0 
2994 	 1 
2995 	 1 
2996 	 10 
2997 	 2 
2998 	 0 
2999 	 8 
3000 	 8 
3001 	 3 
3002 	 5 
3003 	 9 
3004 	 8 
3005 	 14 
3006 	 7 
3007 	 3 
3008 	 0 
3009 	 0 
3010 	 2 
3011 	 0 
3012 	 8 
3013 	 7 
3014 	 1 
3015 	 5 
3016 	 1 
3017 	 25 
3018 	 18 
3019 	 16 
3020 	 1 
3021 	 0 
3022 	 1 
3023 	 2 
3024 	 28 
3025 	 29 
3026 	 15 
3027 	 45 
3028 	 70 
3029 	 104 
3030 	 73 
3031 	 34 
3032 	 45 
3033 	 47 
3034 	 65 
3035 	 55 
3036 	 60 
3037 	 30 
3038 	 41 
3039 	 22 
3040 	 0 
3041 	 13 
3042 	 3 
3043 	 4 
3044 	 0 
3045 	 0 
3046 	 1 
3047 	 0 
3048 	 1 
3049 	 15 
3050 	 15 
3051 	 15 
3052 	 2 
3053 	 15 
3054 	 31 
3055 	 17 
3056 	 16 
3057 	 18 
3058 	 0 
3059 	 0 
3060 	 4 
3061 	 1 
3062 	 0 
3063 	 3 
3064 	 1 
3065 	 14 
3066 	 7 
3067 	 8 
3068 	 14 
3069 	 5 
3070 	 12 
3071 	 1 
3072 	 0 
3073 	 8 
3074 	 11 
3075 	 6 
3076 	 0 
3077 	 0 
3078 	 0 
3079 	 0 
3080 	 15 
3081 	 20 
3082 	 31 
3083 	 29 
3084 	 15 
3085 	 38 
3086 	 45 
3087 	 44 
3088 	 38 
3089 	 30 
3090 	 47 
3091 	 17 
3092 	 0 
3093 	 14 
3094 	 36 
3095 	 23 
3096 	 1 
3097 	 60 
3098 	 59 
3099 	 30 
3100 	 15 
3101 	 25 
3102 	 6 
3103 	 1 
3104 	 1 
3105 	 15 
3106 	 1 
3107 	 0 
3108 	 13 
3109 	 8 
3110 	 5 
3111 	 1 
3112 	 1 
3113 	 19 
3114 	 45 
3115 	 42 
3116 	 4 
3117 	 0 
3118 	 0 
3119 	 8 
3120 	 21 
3121 	 5 
3122 	 0 
3123 	 2 
3124 	 7 
3125 	 6 
3126 	 0 
3127 	 0 
3128 	 10 
3129 	 0 
3130 	 15 
3131 	 16 
3132 	 15 
3133 	 15 
3134 	 14 
3135 	 1 
3136 	 15 
3137 	 15 
3138 	 44 
3139 	 1 
3140 	 3 
3141 	 3 
3142 	 0 
3143 	 15 
3144 	 2 
3145 	 0 
3146 	 26 
3147 	 4 
3148 	 18 
3149 	 0 
3150 	 29 
3151 	 16 
3152 	 29 
3153 	 44 
3154 	 47 
3155 	 56 
3156 	 15 
3157 	 0 
3158 	 0 
3159 	 16 
3160 	 0 
3161 	 6 
3162 	 20 
3163 	 0 
3164 	 29 
3165 	 1 
3166 	 0 
3167 	 45 
3168 	 59 
3169 	 46 
3170 	 61 
3171 	 31 
3172 	 45 
3173 	 45 
3174 	 0 
3175 	 0 
3176 	 17 
3177 	 0 
3178 	 0 
3179 	 5 
3180 	 9 
3181 	 1 
3182 	 0 
3183 	 0 
3184 	 15 
3185 	 2 
3186 	 15 
3187 	 0 
3188 	 30 
3189 	 0 
3190 	 1 
3191 	 8 
3192 	 8 
3193 	 7 
3194 	 1 
3195 	 1 
3196 	 4 
3197 	 1 
3198 	 0 
3199 	 3 
3200 	 15 
3201 	 2 
3202 	 5 
3203 	 21 
3204 	 16 
3205 	 3 
3206 	 17 
3207 	 9 
3208 	 0 
3209 	 15 
3210 	 33 
3211 	 45 
3212 	 31 
3213 	 15 
3214 	 0 
3215 	 15 
3216 	 11 
3217 	 15 
3218 	 0 
3219 	 26 
3220 	 23 
3221 	 10 
3222 	 0 
3223 	 0 
3224 	 4 
3225 	 6 
3226 	 1 
3227 	 0 
3228 	 22 
3229 	 1 
3230 	 0 
3231 	 20 
3232 	 38 
3233 	 22 
3234 	 39 
3235 	 0 
3236 	 0 
3237 	 0 
3238 	 31 
3239 	 0 
3240 	 23 
3241 	 17 
3242 	 0 
3243 	 16 
3244 	 0 
3245 	 0 
3246 	 0 
3247 	 1 
3248 	 8 
3249 	 5 
3250 	 0 
3251 	 0 
3252 	 0 
3253 	 1 
3254 	 0 
3255 	 1 
3256 	 0 
3257 	 9 
3258 	 20 
3259 	 16 
3260 	 0 
3261 	 16 
3262 	 28 
3263 	 26 
3264 	 0 
3265 	 15 
3266 	 2 
3267 	 1 
3268 	 0 
3269 	 1 
3270 	 0 
3271 	 14 
3272 	 1 
3273 	 1 
3274 	 30 
3275 	 22 
3276 	 40 
3277 	 15 
3278 	 15 
3279 	 45 
3280 	 33 
3281 	 16 
3282 	 41 
3283 	 35 
3284 	 1 
3285 	 1 
3286 	 16 
3287 	 0 
3288 	 15 
3289 	 1 
3290 	 0 
3291 	 2 
3292 	 1 
3293 	 0 
3294 	 0 
3295 	 1 
3296 	 16 
3297 	 2 
3298 	 1 
3299 	 27 
3300 	 6 
3301 	 1 
3302 	 16 
3303 	 0 
3304 	 1 
3305 	 0 
3306 	 1 
3307 	 11 
3308 	 5 
3309 	 6 
3310 	 1 
3311 	 2 
3312 	 2 
3313 	 2 
3314 	 9 
3315 	 3 
3316 	 2 
3317 	 10 
3318 	 8 
3319 	 5 
3320 	 1 
3321 	 2 
3322 	 17 
3323 	 5 
3324 	 18 
3325 	 17 
3326 	 16 
3327 	 19 
3328 	 32 
3329 	 3 
3330 	 2 
3331 	 2 
3332 	 5 
3333 	 2 
3334 	 6 
3335 	 6 
3336 	 0 
3337 	 3 
3338 	 0 
3339 	 0 
3340 	 3 
3341 	 11 
3342 	 3 
3343 	 35 
3344 	 33 
3345 	 45 
3346 	 0 
3347 	 0 
3348 	 2 
3349 	 17 
3350 	 2 
3351 	 17 
3352 	 2 
3353 	 4 
3354 	 4 
3355 	 4 
3356 	 2 
3357 	 3 
3358 	 3 
3359 	 4 
3360 	 29 
3361 	 18 
3362 	 34 
3363 	 3 
3364 	 18 
3365 	 5 
3366 	 8 
3367 	 4 
3368 	 20 
3369 	 3 
3370 	 1 
3371 	 2 
3372 	 9 
3373 	 9 
3374 	 2 
3375 	 4 
3376 	 3 
3377 	 6 
3378 	 19 
3379 	 3 
3380 	 3 
3381 	 4 
3382 	 4 
3383 	 4 
3384 	 5 
3385 	 2 
3386 	 5 
3387 	 4 
3388 	 3 
3389 	 4 
3390 	 3 
3391 	 2 
3392 	 3 
3393 	 19 
3394 	 6 
3395 	 4 
3396 	 3 
3397 	 2 
3398 	 6 
3399 	 4 
3400 	 8 
3401 	 4 
3402 	 4 
3403 	 4 
3404 	 5 
3405 	 5 
3406 	 8 
3407 	 3 
3408 	 2 
3409 	 23 
3410 	 9 
3411 	 4 
3412 	 3 
3413 	 3 
3414 	 7 
3415 	 4 
3416 	 6 
3417 	 7 
3418 	 4 
3419 	 5 
3420 	 9 
3421 	 4 
3422 	 4 
3423 	 7 
3424 	 4 
3425 	 8 
3426 	 8 
3427 	 6 
3428 	 9 
3429 	 3 
3430 	 6 
3431 	 14 
3432 	 7 
3433 	 8 
3434 	 5 
3435 	 3 
3436 	 13 
3437 	 8 
3438 	 6 
3439 	 7 
3440 	 18 
3441 	 9 
3442 	 3 
3443 	 7 
3444 	 11 
3445 	 15 
3446 	 8 
3447 	 6 
3448 	 5 
3449 	 5 
3450 	 7 
3451 	 7 
3452 	 10 
3453 	 7 
3454 	 4 
3455 	 5 
3456 	 7 
3457 	 4 
3458 	 5 
3459 	 6 
3460 	 9 
3461 	 12 
3462 	 5 
3463 	 2 
3464 	 6 
3465 	 15 
3466 	 9 
3467 	 9 
3468 	 4 
3469 	 3 
3470 	 11 
3471 	 4 
3472 	 6 
3473 	 6 
3474 	 9 
3475 	 3 
3476 	 1 
3477 	 5 
3478 	 9 
3479 	 3 
3480 	 11 
3481 	 4 
3482 	 7 
3483 	 7 
3484 	 1 
3485 	 2 
3486 	 7 
3487 	 2 
3488 	 6 
3489 	 8 
3490 	 5 
3491 	 4 
3492 	 3 
3493 	 3 
3494 	 3 
3495 	 16 
3496 	 2 
3497 	 11 
3498 	 2 
3499 	 5 
3500 	 5 
3501 	 8 
3502 	 2 
3503 	 4 
3504 	 4 
3505 	 19 
3506 	 5 
3507 	 2 
3508 	 6 
3509 	 2 
3510 	 3 
3511 	 3 
3512 	 7 
3513 	 7 
3514 	 1 
3515 	 23 
3516 	 3 
3517 	 3 
3518 	 4 
3519 	 5 
3520 	 6 
3521 	 4 
3522 	 3 
3523 	 6 
3524 	 4 
3525 	 22 
3526 	 4 
3527 	 9 
3528 	 6 
3529 	 2 
3530 	 5 
3531 	 5 
3532 	 7 
3533 	 3 
3534 	 21 
3535 	 5 
3536 	 4 
3537 	 8 
3538 	 6 
3539 	 9 
3540 	 10 
3541 	 3 
3542 	 2 
3543 	 6 
3544 	 5 
3545 	 2 
3546 	 4 
3547 	 4 
3548 	 7 
3549 	 5 
3550 	 5 
3551 	 6 
3552 	 8 
3553 	 15 
3554 	 8 
3555 	 4 
3556 	 6 
3557 	 7 
3558 	 4 
3559 	 11 
3560 	 9 
3561 	 8 
3562 	 9 
3563 	 4 
3564 	 5 
3565 	 7 
3566 	 10 
3567 	 18 
3568 	 8 
3569 	 7 
3570 	 33 
3571 	 7 
3572 	 10 
3573 	 11 
3574 	 16 
3575 	 31 
3576 	 8 
3577 	 8 
3578 	 12 
3579 	 9 
3580 	 13 
3581 	 12 
3582 	 10 
3583 	 5 
3584 	 8 
3585 	 9 
3586 	 7 
3587 	 6 
3588 	 6 
3589 	 8 
3590 	 7 
3591 	 12 
3592 	 7 
3593 	 8 
3594 	 21 
3595 	 6 
3596 	 5 
3597 	 11 
3598 	 8 
3599 	 4 
3600 	 11 
3601 	 8 
3602 	 5 
3603 	 6 
3604 	 3 
3605 	 3 
3606 	 6 
3607 	 16 
3608 	 15 
3609 	 3 
3610 	 2 
3611 	 3 
3612 	 8 
3613 	 7 
3614 	 9 
3615 	 4 
3616 	 5 
3617 	 3 
3618 	 6 
3619 	 7 
3620 	 8 
3621 	 17 
3622 	 9 
3623 	 10 
3624 	 8 
3625 	 3 
3626 	 11 
3627 	 3 
3628 	 3 
3629 	 8 
3630 	 4 
3631 	 4 
3632 	 5 
3633 	 6 
3634 	 11 
3635 	 14 
3636 	 8 
3637 	 9 
3638 	 11 
3639 	 4 
3640 	 8 
3641 	 7 
3642 	 11 
3643 	 11 
3644 	 9 
3645 	 9 
3646 	 7 
3647 	 9 
3648 	 7 
3649 	 10 
3650 	 8 
3651 	 18 
3652 	 10 
3653 	 8 
3654 	 13 
3655 	 16 
3656 	 10 
3657 	 9 
3658 	 10 
3659 	 14 
3660 	 18 
3661 	 9 
3662 	 5 
3663 	 18 
3664 	 8 
3665 	 7 
3666 	 8 
3667 	 12 
3668 	 14 
3669 	 3 
3670 	 4 
3671 	 10 
3672 	 9 
3673 	 8 
3674 	 15 
3675 	 4 
3676 	 9 
3677 	 9 
3678 	 7 
3679 	 16 
3680 	 7 
3681 	 10 
3682 	 7 
3683 	 7 
3684 	 8 
3685 	 5 
3686 	 14 
3687 	 8 
3688 	 14 
3689 	 3 
3690 	 10 
3691 	 4 
3692 	 12 
3693 	 6 
3694 	 12 
3695 	 14 
3696 	 11 
3697 	 12 
3698 	 15 
3699 	 13 
3700 	 17 
3701 	 16 
3702 	 22 
3703 	 19 
3704 	 8 
3705 	 6 
3706 	 5 
3707 	 7 
3708 	 9 
3709 	 8 
3710 	 8 
3711 	 11 
3712 	 9 
3713 	 9 
3714 	 6 
3715 	 12 
3716 	 20 
3717 	 9 
3718 	 12 
3719 	 8 
3720 	 20 
3721 	 4 
3722 	 6 
3723 	 7 
3724 	 11 
3725 	 4 
3726 	 8 
3727 	 7 
3728 	 12 
3729 	 26 
3730 	 15 
3731 	 10 
3732 	 13 
3733 	 3 
3734 	 6 
3735 	 6 
3736 	 5 
3737 	 9 
3738 	 11 
3739 	 15 
3740 	 9 
3741 	 10 
3742 	 19 
3743 	 13 
3744 	 11 
3745 	 10 
3746 	 8 
3747 	 6 
3748 	 4 
3749 	 6 
3750 	 7 
3751 	 6 
3752 	 5 
3753 	 5 
3754 	 6 
3755 	 7 
3756 	 12 
3757 	 15 
3758 	 9 
3759 	 11 
3760 	 12 
3761 	 9 
3762 	 8 
3763 	 9 
3764 	 8 
3765 	 9 
3766 	 10 
3767 	 10 
3768 	 4 
3769 	 9 
3770 	 11 
3771 	 10 
3772 	 11 
3773 	 8 
3774 	 8 
3775 	 5 
3776 	 9 
3777 	 4 
3778 	 10 
3779 	 5 
3780 	 10 
3781 	 8 
3782 	 6 
3783 	 10 
3784 	 11 
3785 	 13 
3786 	 12 
3787 	 10 
3788 	 8 
3789 	 5 
3790 	 7 
3791 	 5 
3792 	 8 
3793 	 12 
3794 	 4 
3795 	 4 
3796 	 7 
3797 	 6 
3798 	 12 
3799 	 19 
3800 	 9 
3801 	 5 
3802 	 4 
3803 	 7 
3804 	 11 
3805 	 5 
3806 	 12 
3807 	 11 
3808 	 6 
3809 	 12 
3810 	 6 
3811 	 8 
3812 	 9 
3813 	 17 
3814 	 21 
3815 	 8 
3816 	 7 
3817 	 6 
3818 	 4 
3819 	 9 
3820 	 10 
3821 	 11 
3822 	 7 
3823 	 9 
3824 	 5 
3825 	 4 
3826 	 6 
3827 	 5 
3828 	 6 
3829 	 6 
3830 	 9 
3831 	 8 
3832 	 13 
3833 	 6 
3834 	 2 
3835 	 4 
3836 	 0 
3837 	 2 
3838 	 4 
3839 	 5 
3840 	 14 
3841 	 6 
3842 	 3 
3843 	 8 
3844 	 9 
3845 	 12 
3846 	 11 
3847 	 4 
3848 	 3 
3849 	 5 
3850 	 3 
3851 	 3 
3852 	 4 
3853 	 6 
3854 	 3 
3855 	 6 
3856 	 6 
3857 	 6 
3858 	 4 
3859 	 10 
3860 	 4 
3861 	 7 
3862 	 6 
3863 	 8 
3864 	 4 
3865 	 2 
3866 	 3 
3867 	 6 
3868 	 4 
3869 	 6 
3870 	 6 
3871 	 8 
3872 	 3 
3873 	 13 
3874 	 5 
3875 	 3 
3876 	 0 
3877 	 1 
3878 	 1 
3879 	 4 
3880 	 2 
3881 	 1 
3882 	 1 
3883 	 2 
3884 	 2 
3885 	 5 
3886 	 13 
3887 	 6 
3888 	 4 
3889 	 3 
3890 	 1 
3891 	 3 
3892 	 0 
3893 	 1 
3894 	 3 
3895 	 4 
3896 	 3 
3897 	 4 
3898 	 5 
3899 	 5 
3900 	 14 
3901 	 7 
3902 	 7 
3903 	 2 
3904 	 4 
3905 	 1 
3906 	 11 
3907 	 4 
3908 	 1 
3909 	 1 
3910 	 1 
3911 	 5 
3912 	 1 
3913 	 13 
3914 	 14 
3915 	 8 
3916 	 9 
3917 	 7 
3918 	 1 
3919 	 3 
3920 	 1 
3921 	 8 
3922 	 8 
3923 	 0 
3924 	 5 
3925 	 7 
3926 	 8 
3927 	 3 
3928 	 16 
3929 	 4 
3930 	 3 
3931 	 4 
3932 	 8 
3933 	 5 
3934 	 2 
3935 	 11 
3936 	 4 
3937 	 5 
3938 	 3 
3939 	 7 
3940 	 2 
3941 	 7 
3942 	 10 
3943 	 4 
3944 	 5 
3945 	 5 
3946 	 2 
3947 	 5 
3948 	 6 
3949 	 6 
3950 	 8 
3951 	 0 
3952 	 3 
3953 	 11 
3954 	 2 
3955 	 6 
3956 	 15 
3957 	 5 
3958 	 3 
3959 	 1 
3960 	 12 
3961 	 3 
3962 	 3 
3963 	 9 
3964 	 2 
3965 	 3 
3966 	 9 
3967 	 6 
3968 	 2 
3969 	 1 
3970 	 13 
3971 	 3 
3972 	 2 
3973 	 3 
3974 	 2 
3975 	 2 
3976 	 3 
3977 	 3 
3978 	 8 
3979 	 11 
3980 	 8 
3981 	 3 
3982 	 13 
3983 	 19 
3984 	 20 
3985 	 11 
3986 	 8 
3987 	 4 
3988 	 2 
3989 	 2 
3990 	 1 
3991 	 0 
3992 	 3 
3993 	 12 
3994 	 2 
3995 	 4 
3996 	 3 
3997 	 7 
3998 	 9 
3999 	 2 
4000 	 3 
4001 	 1 
4002 	 5 
4003 	 4 
4004 	 1 
4005 	 2 
4006 	 1 
4007 	 14 
4008 	 2 
4009 	 4 
4010 	 7 
4011 	 11 
4012 	 13 
4013 	 2 
4014 	 3 
4015 	 4 
4016 	 3 
4017 	 0 
4018 	 3 
4019 	 3 
4020 	 19 
4021 	 9 
4022 	 8 
4023 	 5 
4024 	 9 
4025 	 15 
4026 	 13 
4027 	 33 
4028 	 2 
4029 	 5 
4030 	 5 
4031 	 5 
4032 	 6 
4033 	 7 
4034 	 8 
4035 	 9 
4036 	 6 
4037 	 6 
4038 	 11 
4039 	 5 
4040 	 5 
4041 	 5 
4042 	 4 
4043 	 4 
4044 	 5 
4045 	 7 
4046 	 3 
4047 	 6 
4048 	 2 
4049 	 4 
4050 	 8 
4051 	 3 
4052 	 4 
4053 	 3 
4054 	 7 
4055 	 5 
4056 	 4 
4057 	 3 
4058 	 2 
4059 	 3 
4060 	 4 
4061 	 4 
4062 	 6 
4063 	 0 
4064 	 2 
4065 	 2 
4066 	 14 
4067 	 2 
4068 	 5 
4069 	 3 
4070 	 4 
4071 	 7 
4072 	 7 
4073 	 2 
4074 	 1 
4075 	 3 
4076 	 2 
4077 	 1 
4078 	 3 
4079 	 5 
4080 	 25 
4081 	 7 
4082 	 8 
4083 	 5 
4084 	 6 
4085 	 9 
4086 	 7 
4087 	 6 
4088 	 4 
4089 	 2 
4090 	 8 
4091 	 5 
4092 	 7 
4093 	 4 
4094 	 9 
4095 	 7 
4096 	 11 
4097 	 6 
4098 	 5 
4099 	 8 
4100 	 10 
4101 	 5 
4102 	 6 
4103 	 8 
4104 	 9 
4105 	 4 
4106 	 7 
4107 	 5 
4108 	 6 
4109 	 2 
4110 	 11 
4111 	 8 
4112 	 6 
4113 	 5 
4114 	 4 
4115 	 8 
4116 	 6 
4117 	 9 
4118 	 1 
4119 	 3 
4120 	 6 
4121 	 6 
4122 	 6 
4123 	 8 
4124 	 6 
4125 	 8 
4126 	 4 
4127 	 6 
4128 	 2 
4129 	 5 
4130 	 4 
4131 	 4 
4132 	 6 
4133 	 2 
4134 	 7 
4135 	 3 
4136 	 3 
4137 	 4 
4138 	 6 
4139 	 4 
4140 	 5 
4141 	 3 
4142 	 8 
4143 	 6 
4144 	 4 
4145 	 2 
4146 	 6 
4147 	 8 
4148 	 4 
4149 	 3 
4150 	 4 
4151 	 4 
4152 	 4 
4153 	 0 
4154 	 5 
4155 	 2 
4156 	 1 
4157 	 2 
4158 	 3 
4159 	 2 
4160 	 4 
4161 	 1 
4162 	 1 
4163 	 3 
4164 	 3 
4165 	 1 
4166 	 2 
4167 	 1 
4168 	 1 
4169 	 1 
4170 	 0 
4171 	 1 
4172 	 1 
4173 	 4 
4174 	 3 
4175 	 3 
4176 	 3 
4177 	 2 
4178 	 0 
4179 	 0 
4180 	 1 
4181 	 2 
4182 	 1 
4183 	 0 
4184 	 2 
4185 	 2 
4186 	 4 
4187 	 5 
4188 	 4 
4189 	 4 
4190 	 2 
4191 	 1 
4192 	 0 
4193 	 0 
4194 	 0 
4195 	 0 
4196 	 1 
4197 	 1 
4198 	 2 
4199 	 0 
4200 	 11 
4201 	 2 
4202 	 1 
4203 	 10 
4204 	 0 
4205 	 0 
4206 	 0 
4207 	 8 
4208 	 0 
4209 	 0 
4210 	 0 
4211 	 3 
4212 	 0 
4213 	 3 
4214 	 4 
4215 	 1 
4216 	 8 
4217 	 1 
4218 	 10 
4219 	 0 
4220 	 2 
4221 	 0 
4222 	 1 
4223 	 1 
4224 	 4 
4225 	 2 
4226 	 3 
4227 	 10 
4228 	 5 
4229 	 6 
4230 	 4 
4231 	 2 
4232 	 0 
4233 	 1 
4234 	 1 
4235 	 1 
4236 	 3 
4237 	 2 
4238 	 0 
4239 	 2 
4240 	 1 
4241 	 3 
4242 	 4 
4243 	 12 
4244 	 1 
4245 	 2 
4246 	 0 
4247 	 1 
4248 	 2 
4249 	 3 
4250 	 0 
4251 	 0 
4252 	 1 
4253 	 2 
4254 	 0 
4255 	 4 
4256 	 6 
4257 	 5 
4258 	 1 
4259 	 0 
4260 	 5 
4261 	 0 
4262 	 8 
4263 	 1 
4264 	 1 
4265 	 2 
4266 	 1 
4267 	 1 
4268 	 1 
4269 	 2 
4270 	 11 
4271 	 6 
4272 	 1 
4273 	 2 
4274 	 2 
4275 	 7 
4276 	 2 
4277 	 8 
4278 	 4 
4279 	 4 
4280 	 9 
4281 	 3 
4282 	 5 
4283 	 12 
4284 	 5 
4285 	 1 
4286 	 4 
4287 	 1 
4288 	 10 
4289 	 6 
4290 	 0 
4291 	 5 
4292 	 6 
4293 	 16 
4294 	 12 
4295 	 8 
4296 	 3 
4297 	 3 
4298 	 9 
4299 	 1 
4300 	 0 
4301 	 3 
4302 	 1 
4303 	 2 
4304 	 1 
4305 	 0 
4306 	 5 
4307 	 4 
4308 	 1 
4309 	 2 
4310 	 5 
4311 	 3 
4312 	 2 
4313 	 0 
4314 	 1 
4315 	 1 
4316 	 1 
4317 	 2 
4318 	 0 
4319 	 0 
4320 	 8 
4321 	 1 
4322 	 1 
4323 	 1 
4324 	 1 
4325 	 4 
4326 	 2 
4327 	 1 
4328 	 0 
4329 	 0 
4330 	 2 
4331 	 1 
4332 	 1 
4333 	 0 
4334 	 6 
4335 	 5 
4336 	 0 
4337 	 4 
4338 	 3 
4339 	 5 
4340 	 2 
4341 	 1 
4342 	 2 
4343 	 3 
4344 	 3 
4345 	 1 
4346 	 2 
4347 	 1 
4348 	 2 
4349 	 1 
4350 	 2 
4351 	 0 
4352 	 2 
4353 	 5 
4354 	 0 
4355 	 0 
4356 	 5 
4357 	 3 
4358 	 1 
4359 	 0 
4360 	 2 
4361 	 2 
4362 	 30 
4363 	 0 
4364 	 1 
4365 	 1 
4366 	 3 
4367 	 2 
4368 	 1 
4369 	 10 
4370 	 0 
4371 	 1 
4372 	 2 
4373 	 0 
4374 	 0 
4375 	 0 
4376 	 6 
4377 	 4 
4378 	 1 
4379 	 1 
4380 	 10 
4381 	 9 
4382 	 1 
4383 	 0 
4384 	 0 
4385 	 1 
4386 	 0 
4387 	 0 
4388 	 0 
4389 	 0 
4390 	 8 
4391 	 1 
4392 	 0 
4393 	 6 
4394 	 43 
4395 	 27 
4396 	 0 
4397 	 0 
4398 	 9 
4399 	 11 
4400 	 42 
4401 	 42 
4402 	 2 
4403 	 45 
4404 	 75 
4405 	 106 
4406 	 74 
4407 	 92 
4408 	 2 
4409 	 17 
4410 	 38 
4411 	 65 
4412 	 46 
4413 	 17 
4414 	 46 
4415 	 2 
4416 	 17 
4417 	 1 
4418 	 18 
4419 	 1 
4420 	 0 
4421 	 0 
4422 	 4 
4423 	 0 
4424 	 0 
4425 	 0 
4426 	 0 
4427 	 17 
4428 	 8 
4429 	 6 
4430 	 16 
4431 	 15 
4432 	 15 
4433 	 18 
4434 	 0 
4435 	 3 
4436 	 4 
4437 	 2 
4438 	 7 
4439 	 8 
4440 	 17 
4441 	 1 
4442 	 10 
4443 	 2 
4444 	 1 
4445 	 12 
4446 	 2 
4447 	 5 
4448 	 28 
4449 	 11 
4450 	 11 
4451 	 4 
4452 	 20 
4453 	 20 
4454 	 17 
4455 	 16 
4456 	 17 
4457 	 29 
4458 	 46 
4459 	 16 
4460 	 19 
4461 	 16 
4462 	 21 
4463 	 50 
4464 	 77 
4465 	 44 
4466 	 16 
4467 	 47 
4468 	 129 
4469 	 86 
4470 	 86 
4471 	 96 
4472 	 2 
4473 	 34 
4474 	 62 
4475 	 90 
4476 	 49 
4477 	 5 
4478 	 3 
4479 	 39 
4480 	 1 
4481 	 3 
4482 	 1 
4483 	 30 
4484 	 2 
4485 	 4 
4486 	 0 
4487 	 9 
4488 	 10 
4489 	 0 
4490 	 35 
4491 	 31 
4492 	 19 
4493 	 20 
4494 	 16 
4495 	 35 
4496 	 18 
4497 	 31 
4498 	 9 
4499 	 26 
4500 	 22 
4501 	 31 
4502 	 1 
4503 	 2 
4504 	 2 
4505 	 3 
4506 	 33 
4507 	 5 
4508 	 5 
4509 	 5 
4510 	 0 
4511 	 11 
4512 	 5 
4513 	 5 
4514 	 8 
4515 	 3 
4516 	 30 
4517 	 29 
4518 	 5 
4519 	 3 
4520 	 7 
4521 	 21 
4522 	 17 
4523 	 19 
4524 	 17 
4525 	 16 
4526 	 51 
4527 	 31 
4528 	 15 
4529 	 16 
4530 	 3 
4531 	 4 
4532 	 29 
4533 	 21 
4534 	 2 
4535 	 46 
4536 	 32 
4537 	 32 
4538 	 47 
4539 	 53 
4540 	 68 
4541 	 46 
4542 	 75 
4543 	 48 
4544 	 22 
4545 	 50 
4546 	 50 
4547 	 17 
4548 	 21 
4549 	 32 
4550 	 49 
4551 	 24 
4552 	 15 
4553 	 24 
4554 	 15 
4555 	 2 
4556 	 0 
4557 	 1 
4558 	 16 
4559 	 15 
4560 	 12 
4561 	 15 
4562 	 10 
4563 	 11 
4564 	 18 
4565 	 9 
4566 	 20 
4567 	 4 
4568 	 1 
4569 	 1 
4570 	 2 
4571 	 3 
4572 	 1 
4573 	 0 
4574 	 33 
4575 	 14 
4576 	 12 
4577 	 7 
4578 	 16 
4579 	 18 
4580 	 20 
4581 	 10 
4582 	 8 
4583 	 3 
4584 	 4 
4585 	 4 
4586 	 0 
4587 	 0 
4588 	 6 
4589 	 1 
4590 	 49 
4591 	 49 
4592 	 23 
4593 	 17 
4594 	 0 
4595 	 16 
4596 	 17 
4597 	 17 
4598 	 2 
4599 	 1 
4600 	 5 
4601 	 15 
4602 	 1 
4603 	 3 
4604 	 0 
4605 	 1 
4606 	 15 
4607 	 63 
4608 	 75 
4609 	 15 
4610 	 16 
4611 	 1 
4612 	 0 
4613 	 15 
4614 	 0 
4615 	 3 
4616 	 2 
4617 	 16 
4618 	 15 
4619 	 16 
4620 	 5 
4621 	 0 
4622 	 0 
4623 	 15 
4624 	 54 
4625 	 50 
4626 	 3 
4627 	 0 
4628 	 19 
4629 	 4 
4630 	 1 
4631 	 3 
4632 	 2 
4633 	 0 
4634 	 16 
4635 	 19 
4636 	 16 
4637 	 1 
4638 	 2 
4639 	 5 
4640 	 28 
4641 	 31 
4642 	 0 
4643 	 2 
4644 	 6 
4645 	 5 
4646 	 0 
4647 	 1 
4648 	 0 
4649 	 0 
4650 	 1 
4651 	 0 
4652 	 17 
4653 	 0 
4654 	 3 
4655 	 7 
4656 	 20 
4657 	 22 
4658 	 5 
4659 	 0 
4660 	 0 
4661 	 1 
4662 	 1 
4663 	 1 
4664 	 0 
4665 	 1 
4666 	 0 
4667 	 14 
4668 	 0 
4669 	 0 
4670 	 0 
4671 	 15 
4672 	 28 
4673 	 13 
4674 	 0 
4675 	 0 
4676 	 16 
4677 	 2 
4678 	 1 
4679 	 15 
4680 	 9 
4681 	 6 
4682 	 2 
4683 	 6 
4684 	 5 
4685 	 1 
4686 	 0 
4687 	 5 
4688 	 6 
4689 	 0 
4690 	 2 
4691 	 2 
4692 	 1 
4693 	 0 
4694 	 0 
4695 	 9 
4696 	 5 
4697 	 1 
4698 	 1 
4699 	 0 
4700 	 1 
4701 	 0 
4702 	 2 
4703 	 2 
4704 	 2 
4705 	 1 
4706 	 0 
4707 	 2 
4708 	 0 
4709 	 16 
4710 	 0 
4711 	 15 
4712 	 18 
4713 	 30 
4714 	 33 
4715 	 1 
4716 	 0 
4717 	 15 
4718 	 3 
4719 	 2 
4720 	 1 
4721 	 15 
4722 	 2 
4723 	 2 
4724 	 2 
4725 	 0 
4726 	 0 
4727 	 0 
4728 	 0 
4729 	 1 
4730 	 0 
4731 	 1 
4732 	 1 
4733 	 1 
4734 	 0 
4735 	 0 
4736 	 8 
4737 	 5 
4738 	 1 
4739 	 1 
4740 	 6 
4741 	 0 
4742 	 0 
4743 	 0 
4744 	 0 
4745 	 1 
4746 	 15 
4747 	 1 
4748 	 1 
4749 	 15 
4750 	 31 
4751 	 1 
4752 	 0 
4753 	 0 
4754 	 1 
4755 	 1 
4756 	 0 
4757 	 0 
4758 	 1 
4759 	 1 
4760 	 2 
4761 	 0 
4762 	 1 
4763 	 1 
4764 	 0 
4765 	 0 
4766 	 34 
4767 	 15 
4768 	 0 
4769 	 0 
4770 	 0 
4771 	 3 
4772 	 3 
4773 	 4 
4774 	 6 
4775 	 5 
4776 	 4 
4777 	 3 
4778 	 1 
4779 	 5 
4780 	 3 
4781 	 3 
4782 	 18 
4783 	 2 
4784 	 6 
4785 	 4 
4786 	 19 
4787 	 1 
4788 	 4 
4789 	 2 
4790 	 4 
4791 	 3 
4792 	 4 
4793 	 8 
4794 	 10 
4795 	 2 
4796 	 7 
4797 	 2 
4798 	 2 
4799 	 3 
4800 	 12 
4801 	 2 
4802 	 4 
4803 	 3 
4804 	 3 
4805 	 4 
4806 	 4 
4807 	 2 
4808 	 2 
4809 	 3 
4810 	 2 
4811 	 3 
4812 	 4 
4813 	 1 
4814 	 2 
4815 	 2 
4816 	 4 
4817 	 3 
4818 	 4 
4819 	 5 
4820 	 5 
4821 	 4 
4822 	 5 
4823 	 4 
4824 	 4 
4825 	 1 
4826 	 3 
4827 	 0 
4828 	 1 
4829 	 2 
4830 	 2 
4831 	 4 
4832 	 4 
4833 	 4 
4834 	 3 
4835 	 3 
4836 	 3 
4837 	 3 
4838 	 3 
4839 	 2 
4840 	 5 
4841 	 2 
4842 	 3 
4843 	 5 
4844 	 4 
4845 	 2 
4846 	 2 
4847 	 3 
4848 	 2 
4849 	 0 
4850 	 0 
4851 	 0 
4852 	 2 
4853 	 2 
4854 	 3 
4855 	 1 
4856 	 3 
4857 	 6 
4858 	 3 
4859 	 3 
4860 	 7 
4861 	 0 
4862 	 3 
4863 	 4 
4864 	 1 
4865 	 0 
4866 	 1 
4867 	 1 
4868 	 1 
4869 	 0 
4870 	 4 
4871 	 3 
4872 	 5 
4873 	 2 
4874 	 3 
4875 	 4 
4876 	 1 
4877 	 5 
4878 	 1 
4879 	 3 
4880 	 5 
4881 	 6 
4882 	 0 
4883 	 2 
4884 	 5 
4885 	 9 
4886 	 7 
4887 	 4 
4888 	 2 
4889 	 1 
4890 	 3 
4891 	 6 
4892 	 13 
4893 	 3 
4894 	 2 
4895 	 7 
4896 	 13 
4897 	 3 
4898 	 7 
4899 	 5 
4900 	 2 
4901 	 9 
4902 	 5 
4903 	 8 
4904 	 8 
4905 	 4 
4906 	 5 
4907 	 9 
4908 	 6 
4909 	 4 
4910 	 8 
4911 	 3 
4912 	 6 
4913 	 6 
4914 	 8 
4915 	 7 
4916 	 8 
4917 	 9 
4918 	 6 
4919 	 9 
4920 	 19 
4921 	 8 
4922 	 10 
4923 	 7 
4924 	 11 
4925 	 6 
4926 	 5 
4927 	 4 
4928 	 5 
4929 	 8 
4930 	 3 
4931 	 3 
4932 	 3 
4933 	 7 
4934 	 7 
4935 	 3 
4936 	 3 
4937 	 5 
4938 	 0 
4939 	 5 
4940 	 5 
4941 	 2 
4942 	 3 
4943 	 4 
4944 	 6 
4945 	 3 
4946 	 2 
4947 	 0 
4948 	 1 
4949 	 2 
4950 	 4 
4951 	 4 
4952 	 7 
4953 	 3 
4954 	 4 
4955 	 6 
4956 	 3 
4957 	 2 
4958 	 2 
4959 	 4 
4960 	 4 
4961 	 6 
4962 	 2 
4963 	 2 
4964 	 4 
4965 	 3 
4966 	 3 
4967 	 5 
4968 	 7 
4969 	 1 
4970 	 0 
4971 	 6 
4972 	 6 
4973 	 10 
4974 	 4 
4975 	 2 
4976 	 9 
4977 	 8 
4978 	 2 
4979 	 6 
4980 	 15 
4981 	 11 
4982 	 14 
4983 	 7 
4984 	 9 
4985 	 2 
4986 	 4 
4987 	 3 
4988 	 9 
4989 	 5 
4990 	 4 
4991 	 6 
4992 	 3 
4993 	 6 
4994 	 7 
4995 	 3 
4996 	 4 
4997 	 4 
4998 	 7 
4999 	 6 
5000 	 7 
5001 	 2 
5002 	 5 
5003 	 6 
5004 	 7 
5005 	 9 
5006 	 7 
5007 	 5 
5008 	 2 
5009 	 5 
5010 	 2 
5011 	 3 
5012 	 3 
5013 	 7 
5014 	 7 
5015 	 6 
5016 	 8 
5017 	 5 
5018 	 12 
5019 	 8 
5020 	 7 
5021 	 3 
5022 	 6 
5023 	 4 
5024 	 3 
5025 	 7 
5026 	 10 
5027 	 11 
5028 	 7 
5029 	 11 
5030 	 8 
5031 	 8 
5032 	 8 
5033 	 5 
5034 	 7 
5035 	 6 
5036 	 9 
5037 	 12 
5038 	 9 
5039 	 11 
5040 	 19 
5041 	 9 
5042 	 10 
5043 	 5 
5044 	 7 
5045 	 6 
5046 	 15 
5047 	 10 
5048 	 7 
5049 	 5 
5050 	 9 
5051 	 5 
5052 	 7 
5053 	 12 
5054 	 3 
5055 	 8 
5056 	 9 
5057 	 12 
5058 	 10 
5059 	 7 
5060 	 6 
5061 	 12 
5062 	 9 
5063 	 7 
5064 	 12 
5065 	 5 
5066 	 7 
5067 	 9 
5068 	 12 
5069 	 9 
5070 	 6 
5071 	 7 
5072 	 5 
5073 	 5 
5074 	 5 
5075 	 4 
5076 	 2 
5077 	 8 
5078 	 7 
5079 	 6 
5080 	 5 
5081 	 5 
5082 	 7 
5083 	 9 
5084 	 11 
5085 	 10 
5086 	 6 
5087 	 7 
5088 	 12 
5089 	 17 
5090 	 13 
5091 	 13 
5092 	 12 
5093 	 18 
5094 	 13 
5095 	 18 
5096 	 17 
5097 	 16 
5098 	 9 
5099 	 9 
5100 	 8 
5101 	 9 
5102 	 3 
5103 	 5 
5104 	 5 
5105 	 4 
5106 	 5 
5107 	 5 
5108 	 6 
5109 	 5 
5110 	 7 
5111 	 7 
5112 	 6 
5113 	 8 
5114 	 8 
5115 	 7 
5116 	 5 
5117 	 5 
5118 	 9 
5119 	 9 
5120 	 6 
5121 	 8 
5122 	 5 
5123 	 10 
5124 	 9 
5125 	 7 
5126 	 7 
5127 	 7 
5128 	 4 
5129 	 5 
5130 	 4 
5131 	 6 
5132 	 8 
5133 	 7 
5134 	 8 
5135 	 6 
5136 	 6 
5137 	 14 
5138 	 4 
5139 	 10 
5140 	 13 
5141 	 4 
5142 	 6 
5143 	 6 
5144 	 6 
5145 	 9 
5146 	 5 
5147 	 5 
5148 	 5 
5149 	 8 
5150 	 8 
5151 	 5 
5152 	 4 
5153 	 6 
5154 	 7 
5155 	 4 
5156 	 11 
5157 	 8 
5158 	 18 
5159 	 12 
5160 	 15 
5161 	 13 
5162 	 5 
5163 	 2 
5164 	 8 
5165 	 7 
5166 	 5 
5167 	 6 
5168 	 8 
5169 	 8 
5170 	 6 
5171 	 6 
5172 	 4 
5173 	 9 
5174 	 5 
5175 	 7 
5176 	 3 
5177 	 3 
5178 	 6 
5179 	 14 
5180 	 3 
5181 	 4 
5182 	 13 
5183 	 6 
5184 	 8 
5185 	 3 
5186 	 3 
5187 	 2 
5188 	 4 
5189 	 4 
5190 	 5 
5191 	 7 
5192 	 5 
5193 	 6 
5194 	 8 
5195 	 13 
5196 	 10 
5197 	 1 
5198 	 4 
5199 	 6 
5200 	 4 
5201 	 0 
5202 	 2 
5203 	 2 
5204 	 3 
5205 	 3 
5206 	 4 
5207 	 4 
5208 	 5 
5209 	 11 
5210 	 3 
5211 	 14 
5212 	 6 
5213 	 5 
5214 	 1 
5215 	 2 
5216 	 9 
5217 	 6 
5218 	 3 
5219 	 2 
5220 	 8 
5221 	 3 
5222 	 8 
5223 	 0 
5224 	 1 
5225 	 8 
5226 	 2 
5227 	 3 
5228 	 8 
5229 	 0 
5230 	 9 
5231 	 4 
5232 	 18 
5233 	 3 
5234 	 6 
5235 	 10 
5236 	 4 
5237 	 5 
5238 	 5 
5239 	 5 
5240 	 8 
5241 	 3 
5242 	 3 
5243 	 2 
5244 	 2 
5245 	 2 
5246 	 4 
5247 	 4 
5248 	 4 
5249 	 17 
5250 	 4 
5251 	 4 
5252 	 4 
5253 	 4 
5254 	 4 
5255 	 6 
5256 	 2 
5257 	 3 
5258 	 5 
5259 	 3 
5260 	 1 
5261 	 2 
5262 	 6 
5263 	 2 
5264 	 7 
5265 	 7 
5266 	 6 
5267 	 2 
5268 	 2 
5269 	 3 
5270 	 5 
5271 	 6 
5272 	 2 
5273 	 2 
5274 	 4 
5275 	 7 
5276 	 4 
5277 	 4 
5278 	 3 
5279 	 1 
5280 	 14 
5281 	 2 
5282 	 5 
5283 	 5 
5284 	 7 
5285 	 3 
5286 	 6 
5287 	 4 
5288 	 3 
5289 	 6 
5290 	 2 
5291 	 2 
5292 	 1 
5293 	 0 
5294 	 2 
5295 	 0 
5296 	 0 
5297 	 3 
5298 	 4 
5299 	 5 
5300 	 2 
5301 	 3 
5302 	 7 
5303 	 3 
5304 	 2 
5305 	 1 
5306 	 1 
5307 	 0 
5308 	 1 
5309 	 1 
5310 	 1 
5311 	 0 
5312 	 5 
5313 	 5 
5314 	 2 
5315 	 2 
5316 	 1 
5317 	 2 
5318 	 6 
5319 	 4 
5320 	 1 
5321 	 0 
5322 	 1 
5323 	 6 
5324 	 0 
5325 	 1 
5326 	 0 
5327 	 1 
5328 	 1 
5329 	 1 
5330 	 11 
5331 	 1 
5332 	 1 
5333 	 2 
5334 	 0 
5335 	 3 
5336 	 1 
5337 	 2 
5338 	 4 
5339 	 5 
5340 	 9 
5341 	 1 
5342 	 2 
5343 	 2 
5344 	 1 
5345 	 3 
5346 	 2 
5347 	 3 
5348 	 0 
5349 	 1 
5350 	 3 
5351 	 1 
5352 	 0 
5353 	 2 
5354 	 1 
5355 	 7 
5356 	 2 
5357 	 4 
5358 	 4 
5359 	 3 
5360 	 1 
5361 	 1 
5362 	 1 
5363 	 1 
5364 	 6 
5365 	 1 
5366 	 1 
5367 	 0 
5368 	 0 
5369 	 0 
5370 	 0 
5371 	 0 
5372 	 0 
5373 	 2 
5374 	 3 
5375 	 2 
5376 	 1 
5377 	 0 
5378 	 0 
5379 	 0 
5380 	 5 
5381 	 4 
5382 	 4 
5383 	 3 
5384 	 3 
5385 	 1 
5386 	 2 
5387 	 2 
5388 	 1 
5389 	 1 
5390 	 1 
5391 	 1 
5392 	 5 
5393 	 3 
5394 	 0 
5395 	 1 
5396 	 0 
5397 	 0 
5398 	 1 
5399 	 0 
5400 	 10 
5401 	 2 
5402 	 0 
5403 	 0 
5404 	 0 
5405 	 0 
5406 	 1 
5407 	 4 
5408 	 1 
5409 	 2 
5410 	 0 
5411 	 1 
5412 	 1 
5413 	 11 
5414 	 0 
5415 	 1 
5416 	 1 
5417 	 1 
5418 	 3 
5419 	 1 
5420 	 3 
5421 	 3 
5422 	 4 
5423 	 5 
5424 	 4 
5425 	 3 
5426 	 9 
5427 	 3 
5428 	 1 
5429 	 1 
5430 	 2 
5431 	 1 
5432 	 0 
5433 	 0 
5434 	 1 
5435 	 3 
5436 	 1 
5437 	 3 
5438 	 0 
5439 	 6 
5440 	 5 
5441 	 2 
5442 	 0 
5443 	 2 
5444 	 0 
5445 	 1 
5446 	 3 
5447 	 0 
5448 	 2 
5449 	 1 
5450 	 2 
5451 	 2 
5452 	 2 
5453 	 10 
5454 	 0 
5455 	 6 
5456 	 1 
5457 	 4 
5458 	 0 
5459 	 1 
5460 	 15 
5461 	 8 
5462 	 5 
5463 	 6 
5464 	 9 
5465 	 8 
5466 	 16 
5467 	 7 
5468 	 8 
5469 	 10 
5470 	 7 
5471 	 7 
5472 	 5 
5473 	 6 
5474 	 6 
5475 	 8 
5476 	 8 
5477 	 10 
5478 	 8 
5479 	 16 
5480 	 20 
5481 	 11 
5482 	 9 
5483 	 7 
5484 	 7 
5485 	 8 
5486 	 7 
5487 	 5 
5488 	 12 
5489 	 8 
5490 	 7 
5491 	 6 
5492 	 11 
5493 	 15 
5494 	 5 
5495 	 10 
5496 	 4 
5497 	 4 
5498 	 2 
5499 	 5 
5500 	 2 
5501 	 3 
5502 	 7 
5503 	 5 
5504 	 3 
5505 	 8 
5506 	 8 
5507 	 3 
5508 	 2 
5509 	 5 
5510 	 0 
5511 	 4 
5512 	 7 
5513 	 5 
5514 	 6 
5515 	 5 
5516 	 5 
5517 	 3 
5518 	 7 
5519 	 8 
5520 	 24 
5521 	 4 
5522 	 5 
5523 	 3 
5524 	 3 
5525 	 3 
5526 	 2 
5527 	 3 
5528 	 2 
5529 	 4 
5530 	 8 
5531 	 7 
5532 	 7 
5533 	 6 
5534 	 2 
5535 	 5 
5536 	 1 
5537 	 2 
5538 	 5 
5539 	 5 
5540 	 3 
5541 	 4 
5542 	 6 
5543 	 4 
5544 	 10 
5545 	 7 
5546 	 11 
5547 	 7 
5548 	 5 
5549 	 2 
5550 	 4 
5551 	 3 
5552 	 3 
5553 	 5 
5554 	 5 
5555 	 3 
5556 	 8 
5557 	 4 
5558 	 4 
5559 	 6 
5560 	 5 
5561 	 4 
5562 	 8 
5563 	 1 
5564 	 5 
5565 	 4 
5566 	 6 
5567 	 11 
5568 	 4 
5569 	 11 
5570 	 8 
5571 	 4 
5572 	 3 
5573 	 7 
5574 	 4 
5575 	 4 
5576 	 3 
5577 	 11 
5578 	 7 
5579 	 2 
5580 	 6 
5581 	 8 
5582 	 4 
5583 	 5 
5584 	 6 
5585 	 7 
5586 	 7 
5587 	 6 
5588 	 6 
5589 	 7 
5590 	 1 
5591 	 1 
5592 	 2 
5593 	 4 
5594 	 4 
5595 	 5 
5596 	 3 
5597 	 5 
5598 	 3 
5599 	 2 
5600 	 8 
5601 	 3 
5602 	 3 
5603 	 4 
5604 	 7 
5605 	 5 
5606 	 5 
5607 	 6 
5608 	 3 
5609 	 2 
5610 	 3 
5611 	 4 
5612 	 6 
5613 	 1 
5614 	 6 
5615 	 3 
5616 	 5 
5617 	 3 
5618 	 4 
5619 	 6 
5620 	 4 
5621 	 3 
5622 	 4 
5623 	 10 
5624 	 7 
5625 	 1 
5626 	 3 
5627 	 5 
5628 	 7 
5629 	 2 
5630 	 2 
5631 	 0 
5632 	 2 
5633 	 2 
5634 	 0 
5635 	 0 
5636 	 1 
5637 	 0 
5638 	 0 
5639 	 0 
5640 	 10 
5641 	 2 
5642 	 2 
5643 	 0 
5644 	 1 
5645 	 4 
5646 	 7 
5647 	 3 
5648 	 0 
5649 	 4 
5650 	 0 
5651 	 0 
5652 	 4 
5653 	 4 
5654 	 3 
5655 	 2 
5656 	 3 
5657 	 1 
5658 	 3 
5659 	 4 
5660 	 3 
5661 	 0 
5662 	 4 
5663 	 5 
5664 	 2 
5665 	 1 
5666 	 6 
5667 	 5 
5668 	 5 
5669 	 6 
5670 	 5 
5671 	 5 
5672 	 4 
5673 	 4 
5674 	 5 
5675 	 6 
5676 	 1 
5677 	 9 
5678 	 1 
5679 	 6 
5680 	 1 
5681 	 4 
5682 	 0 
5683 	 4 
5684 	 4 
5685 	 1 
5686 	 9 
5687 	 2 
5688 	 4 
5689 	 5 
5690 	 3 
5691 	 1 
5692 	 3 
5693 	 3 
5694 	 4 
5695 	 1 
5696 	 0 
5697 	 7 
5698 	 1 
5699 	 2 
5700 	 8 
5701 	 5 
5702 	 2 
5703 	 6 
5704 	 8 
5705 	 6 
5706 	 1 
5707 	 6 
5708 	 1 
5709 	 2 
5710 	 7 
5711 	 3 
5712 	 1 
5713 	 4 
5714 	 9 
5715 	 0 
5716 	 8 
5717 	 8 
5718 	 4 
5719 	 1 
5720 	 2 
5721 	 5 
5722 	 3 
5723 	 0 
5724 	 8 
5725 	 1 
5726 	 3 
5727 	 1 
5728 	 5 
5729 	 5 
5730 	 5 
5731 	 5 
5732 	 3 
5733 	 2 
5734 	 3 
5735 	 5 
5736 	 5 
5737 	 0 
5738 	 6 
5739 	 2 
5740 	 5 
5741 	 2 
5742 	 4 
5743 	 12 
5744 	 0 
5745 	 3 
5746 	 4 
5747 	 4 
5748 	 0 
5749 	 4 
5750 	 4 
5751 	 0 
5752 	 0 
5753 	 5 
5754 	 4 
5755 	 2 
5756 	 8 
5757 	 3 
5758 	 1 
5759 	 1 
5760 	 15 
5761 	 0 
5762 	 3 
5763 	 1 
5764 	 5 
5765 	 1 
5766 	 1 
5767 	 2 
5768 	 2 
5769 	 4 
5770 	 4 
5771 	 5 
5772 	 1 
5773 	 1 
5774 	 6 
5775 	 2 
5776 	 0 
5777 	 0 
5778 	 3 
5779 	 1 
5780 	 0 
5781 	 4 
5782 	 6 
5783 	 3 
5784 	 3 
5785 	 7 
5786 	 0 
5787 	 0 
5788 	 4 
5789 	 2 
5790 	 0 
5791 	 5 
5792 	 1 
5793 	 1 
5794 	 3 
5795 	 6 
5796 	 3 
5797 	 0 
5798 	 3 
5799 	 0 
5800 	 1 
5801 	 3 
5802 	 34 
5803 	 0 
5804 	 1 
5805 	 4 
5806 	 4 
5807 	 2 
5808 	 2 
5809 	 2 
5810 	 7 
5811 	 0 
5812 	 0 
5813 	 5 
5814 	 4 
5815 	 0 
5816 	 0 
5817 	 6 
5818 	 2 
5819 	 2 
5820 	 11 
5821 	 2 
5822 	 1 
5823 	 5 
5824 	 5 
5825 	 0 
5826 	 0 
5827 	 2 
5828 	 1 
5829 	 0 
5830 	 0 
5831 	 0 
5832 	 1 
5833 	 8 
5834 	 20 
5835 	 36 
5836 	 22 
5837 	 4 
5838 	 3 
5839 	 0 
5840 	 28 
5841 	 35 
5842 	 27 
5843 	 45 
5844 	 46 
5845 	 130 
5846 	 94 
5847 	 120 
5848 	 15 
5849 	 31 
5850 	 20 
5851 	 63 
5852 	 1 
5853 	 6 
5854 	 1 
5855 	 17 
5856 	 3 
5857 	 4 
5858 	 16 
5859 	 1 
5860 	 2 
5861 	 0 
5862 	 20 
5863 	 3 
5864 	 30 
5865 	 15 
5866 	 60 
5867 	 0 
5868 	 20 
5869 	 6 
5870 	 3 
5871 	 2 
5872 	 18 
5873 	 13 
5874 	 7 
5875 	 0 
5876 	 3 
5877 	 4 
5878 	 3 
5879 	 1 
5880 	 8 
5881 	 10 
5882 	 18 
5883 	 1 
5884 	 2 
5885 	 4 
5886 	 2 
5887 	 0 
5888 	 13 
5889 	 7 
5890 	 0 
5891 	 0 
5892 	 0 
5893 	 3 
5894 	 1 
5895 	 0 
5896 	 0 
5897 	 23 
5898 	 55 
5899 	 1 
5900 	 4 
5901 	 0 
5902 	 2 
5903 	 7 
5904 	 30 
5905 	 42 
5906 	 0 
5907 	 80 
5908 	 85 
5909 	 75 
5910 	 154 
5911 	 131 
5912 	 16 
5913 	 100 
5914 	 80 
5915 	 119 
5916 	 60 
5917 	 72 
5918 	 4 
5919 	 31 
5920 	 15 
5921 	 0 
5922 	 0 
5923 	 0 
5924 	 0 
5925 	 1 
5926 	 1 
5927 	 2 
5928 	 1 
5929 	 0 
5930 	 10 
5931 	 35 
5932 	 1 
5933 	 38 
5934 	 1 
5935 	 45 
5936 	 0 
5937 	 2 
5938 	 0 
5939 	 0 
5940 	 6 
5941 	 0 
5942 	 0 
5943 	 0 
5944 	 0 
5945 	 0 
5946 	 24 
5947 	 0 
5948 	 5 
5949 	 16 
5950 	 16 
5951 	 13 
5952 	 0 
5953 	 0 
5954 	 1 
5955 	 0 
5956 	 0 
5957 	 0 
5958 	 0 
5959 	 3 
5960 	 0 
5961 	 14 
5962 	 15 
5963 	 14 
5964 	 37 
5965 	 33 
5966 	 25 
5967 	 30 
5968 	 18 
5969 	 19 
5970 	 16 
5971 	 1 
5972 	 1 
5973 	 16 
5974 	 32 
5975 	 75 
5976 	 46 
5977 	 1 
5978 	 140 
5979 	 114 
5980 	 103 
5981 	 62 
5982 	 121 
5983 	 45 
5984 	 31 
5985 	 71 
5986 	 19 
5987 	 0 
5988 	 30 
5989 	 31 
5990 	 1 
5991 	 1 
5992 	 25 
5993 	 7 
5994 	 1 
5995 	 62 
5996 	 31 
5997 	 19 
5998 	 3 
5999 	 1 
6000 	 15 
6001 	 27 
6002 	 8 
6003 	 20 
6004 	 22 
6005 	 14 
6006 	 9 
6007 	 8 
6008 	 6 
6009 	 6 
6010 	 3 
6011 	 15 
6012 	 15 
6013 	 0 
6014 	 14 
6015 	 2 
6016 	 20 
6017 	 5 
6018 	 16 
6019 	 32 
6020 	 8 
6021 	 2 
6022 	 7 
6023 	 2 
6024 	 2 
6025 	 2 
6026 	 0 
6027 	 45 
6028 	 0 
6029 	 0 
6030 	 15 
6031 	 30 
6032 	 44 
6033 	 14 
6034 	 1 
6035 	 22 
6036 	 19 
6037 	 15 
6038 	 0 
6039 	 0 
6040 	 0 
6041 	 0 
6042 	 5 
6043 	 41 
6044 	 26 
6045 	 15 
6046 	 0 
6047 	 19 
6048 	 41 
6049 	 45 
6050 	 30 
6051 	 0 
6052 	 15 
6053 	 2 
6054 	 0 
6055 	 2 
6056 	 0 
6057 	 0 
6058 	 3 
6059 	 0 
6060 	 51 
6061 	 30 
6062 	 15 
6063 	 0 
6064 	 0 
6065 	 45 
6066 	 31 
6067 	 0 
6068 	 30 
6069 	 1 
6070 	 0 
6071 	 0 
6072 	 0 
6073 	 0 
6074 	 7 
6075 	 0 
6076 	 1 
6077 	 36 
6078 	 15 
6079 	 16 
6080 	 3 
6081 	 0 
6082 	 30 
6083 	 7 
6084 	 10 
6085 	 5 
6086 	 0 
6087 	 0 
6088 	 1 
6089 	 6 
6090 	 0 
6091 	 1 
6092 	 15 
6093 	 0 
6094 	 18 
6095 	 48 
6096 	 2 
6097 	 24 
6098 	 3 
6099 	 24 
6100 	 2 
6101 	 3 
6102 	 9 
6103 	 5 
6104 	 2 
6105 	 4 
6106 	 3 
6107 	 9 
6108 	 8 
6109 	 8 
6110 	 1 
6111 	 17 
6112 	 2 
6113 	 13 
6114 	 0 
6115 	 21 
6116 	 5 
6117 	 2 
6118 	 3 
6119 	 2 
6120 	 11 
6121 	 7 
6122 	 2 
6123 	 11 
6124 	 2 
6125 	 2 
6126 	 2 
6127 	 7 
6128 	 13 
6129 	 8 
6130 	 12 
6131 	 1 
6132 	 2 
6133 	 1 
6134 	 2 
6135 	 1 
6136 	 2 
6137 	 1 
6138 	 1 
6139 	 1 
6140 	 2 
6141 	 0 
6142 	 2 
6143 	 5 
6144 	 4 
6145 	 0 
6146 	 5 
6147 	 0 
6148 	 0 
6149 	 0 
6150 	 0 
6151 	 0 
6152 	 1 
6153 	 4 
6154 	 3 
6155 	 2 
6156 	 3 
6157 	 3 
6158 	 4 
6159 	 19 
6160 	 4 
6161 	 3 
6162 	 4 
6163 	 4 
6164 	 8 
6165 	 5 
6166 	 4 
6167 	 4 
6168 	 4 
6169 	 4 
6170 	 5 
6171 	 5 
6172 	 4 
6173 	 4 
6174 	 2 
6175 	 32 
6176 	 17 
6177 	 17 
6178 	 33 
6179 	 5 
6180 	 10 
6181 	 6 
6182 	 19 
6183 	 5 
6184 	 5 
6185 	 19 
6186 	 5 
6187 	 6 
6188 	 4 
6189 	 4 
6190 	 5 
6191 	 4 
6192 	 5 
6193 	 4 
6194 	 7 
6195 	 5 
6196 	 6 
6197 	 4 
6198 	 6 
6199 	 5 
6200 	 5 
6201 	 13 
6202 	 5 
6203 	 2 
6204 	 1 
6205 	 2 
6206 	 0 
6207 	 0 
6208 	 0 
6209 	 0 
6210 	 0 
6211 	 0 
6212 	 1 
6213 	 3 
6214 	 2 
6215 	 3 
6216 	 7 
6217 	 0 
6218 	 0 
6219 	 1 
6220 	 2 
6221 	 0 
6222 	 2 
6223 	 1 
6224 	 1 
6225 	 17 
6226 	 0 
6227 	 1 
6228 	 0 
6229 	 2 
6230 	 7 
6231 	 0 
6232 	 3 
6233 	 1 
6234 	 0 
6235 	 5 
6236 	 1 
6237 	 1 
6238 	 1 
6239 	 3 
6240 	 9 
6241 	 16 
6242 	 32 
6243 	 4 
6244 	 8 
6245 	 1 
6246 	 5 
6247 	 2 
6248 	 3 
6249 	 0 
6250 	 1 
6251 	 1 
6252 	 17 
6253 	 16 
6254 	 18 
6255 	 2 
6256 	 3 
6257 	 15 
6258 	 18 
6259 	 34 
6260 	 3 
6261 	 16 
6262 	 4 
6263 	 6 
6264 	 1 
6265 	 1 
6266 	 1 
6267 	 0 
6268 	 4 
6269 	 2 
6270 	 3 
6271 	 2 
6272 	 2 
6273 	 1 
6274 	 7 
6275 	 16 
6276 	 9 
6277 	 4 
6278 	 14 
6279 	 1 
6280 	 5 
6281 	 2 
6282 	 2 
6283 	 3 
6284 	 3 
6285 	 5 
6286 	 2 
6287 	 1 
6288 	 1 
6289 	 3 
6290 	 3 
6291 	 19 
6292 	 1 
6293 	 5 
6294 	 6 
6295 	 4 
6296 	 2 
6297 	 2 
6298 	 10 
6299 	 7 
6300 	 14 
6301 	 5 
6302 	 2 
6303 	 5 
6304 	 2 
6305 	 5 
6306 	 7 
6307 	 9 
6308 	 9 
6309 	 8 
6310 	 6 
6311 	 3 
6312 	 5 
6313 	 10 
6314 	 7 
6315 	 5 
6316 	 8 
6317 	 4 
6318 	 8 
6319 	 10 
6320 	 7 
6321 	 12 
6322 	 7 
6323 	 11 
6324 	 2 
6325 	 11 
6326 	 9 
6327 	 7 
6328 	 9 
6329 	 9 
6330 	 3 
6331 	 5 
6332 	 1 
6333 	 5 
6334 	 5 
6335 	 4 
6336 	 4 
6337 	 4 
6338 	 4 
6339 	 3 
6340 	 2 
6341 	 11 
6342 	 4 
6343 	 5 
6344 	 1 
6345 	 3 
6346 	 2 
6347 	 3 
6348 	 4 
6349 	 1 
6350 	 4 
6351 	 5 
6352 	 10 
6353 	 7 
6354 	 5 
6355 	 6 
6356 	 6 
6357 	 5 
6358 	 4 
6359 	 3 
6360 	 13 
6361 	 5 
6362 	 5 
6363 	 6 
6364 	 5 
6365 	 8 
6366 	 8 
6367 	 8 
6368 	 3 
6369 	 1 
6370 	 5 
6371 	 5 
6372 	 4 
6373 	 5 
6374 	 6 
6375 	 5 
6376 	 9 
6377 	 9 
6378 	 11 
6379 	 11 
6380 	 4 
6381 	 5 
6382 	 10 
6383 	 6 
6384 	 7 
6385 	 4 
6386 	 9 
6387 	 4 
6388 	 16 
6389 	 5 
6390 	 8 
6391 	 5 
6392 	 11 
6393 	 6 
6394 	 12 
6395 	 7 
6396 	 9 
6397 	 7 
6398 	 5 
6399 	 6 
6400 	 7 
6401 	 5 
6402 	 16 
6403 	 13 
6404 	 10 
6405 	 13 
6406 	 8 
6407 	 7 
6408 	 10 
6409 	 8 
6410 	 7 
6411 	 11 
6412 	 10 
6413 	 8 
6414 	 7 
6415 	 9 
6416 	 13 
6417 	 9 
6418 	 11 
6419 	 10 
6420 	 13 
6421 	 5 
6422 	 16 
6423 	 9 
6424 	 6 
6425 	 5 
6426 	 3 
6427 	 8 
6428 	 11 
6429 	 5 
6430 	 7 
6431 	 10 
6432 	 9 
6433 	 6 
6434 	 8 
6435 	 10 
6436 	 7 
6437 	 5 
6438 	 5 
6439 	 8 
6440 	 10 
6441 	 9 
6442 	 12 
6443 	 12 
6444 	 7 
6445 	 10 
6446 	 6 
6447 	 5 
6448 	 7 
6449 	 5 
6450 	 9 
6451 	 6 
6452 	 14 
6453 	 10 
6454 	 11 
6455 	 11 
6456 	 22 
6457 	 8 
6458 	 7 
6459 	 11 
6460 	 13 
6461 	 7 
6462 	 8 
6463 	 11 
6464 	 10 
6465 	 12 
6466 	 15 
6467 	 11 
6468 	 13 
6469 	 13 
6470 	 11 
6471 	 13 
6472 	 9 
6473 	 8 
6474 	 9 
6475 	 15 
6476 	 13 
6477 	 7 
6478 	 6 
6479 	 8 
6480 	 15 
6481 	 6 
6482 	 6 
6483 	 14 
6484 	 9 
6485 	 7 
6486 	 6 
6487 	 8 
6488 	 9 
6489 	 5 
6490 	 18 
6491 	 8 
6492 	 10 
6493 	 9 
6494 	 13 
6495 	 15 
6496 	 14 
6497 	 13 
6498 	 19 
6499 	 15 
6500 	 15 
6501 	 14 
6502 	 12 
6503 	 10 
6504 	 11 
6505 	 16 
6506 	 11 
6507 	 14 
6508 	 6 
6509 	 7 
6510 	 7 
6511 	 10 
6512 	 11 
6513 	 10 
6514 	 23 
6515 	 11 
6516 	 10 
6517 	 12 
6518 	 13 
6519 	 19 
6520 	 13 
6521 	 6 
6522 	 8 
6523 	 11 
6524 	 12 
6525 	 16 
6526 	 9 
6527 	 5 
6528 	 11 
6529 	 8 
6530 	 9 
6531 	 9 
6532 	 10 
6533 	 7 
6534 	 6 
6535 	 8 
6536 	 9 
6537 	 6 
6538 	 7 
6539 	 11 
6540 	 11 
6541 	 5 
6542 	 6 
6543 	 9 
6544 	 3 
6545 	 9 
6546 	 7 
6547 	 12 
6548 	 5 
6549 	 11 
6550 	 6 
6551 	 14 
6552 	 7 
6553 	 9 
6554 	 10 
6555 	 8 
6556 	 11 
6557 	 8 
6558 	 9 
6559 	 9 
6560 	 11 
6561 	 13 
6562 	 11 
6563 	 16 
6564 	 10 
6565 	 5 
6566 	 9 
6567 	 7 
6568 	 8 
6569 	 6 
6570 	 8 
6571 	 9 
6572 	 6 
6573 	 9 
6574 	 14 
6575 	 10 
6576 	 10 
6577 	 13 
6578 	 9 
6579 	 11 
6580 	 10 
6581 	 11 
6582 	 10 
6583 	 9 
6584 	 11 
6585 	 9 
6586 	 10 
6587 	 8 
6588 	 7 
6589 	 9 
6590 	 7 
6591 	 14 
6592 	 7 
6593 	 13 
6594 	 11 
6595 	 12 
6596 	 13 
6597 	 10 
6598 	 13 
6599 	 13 
6600 	 17 
6601 	 10 
6602 	 8 
6603 	 7 
6604 	 9 
6605 	 13 
6606 	 7 
6607 	 7 
6608 	 7 
6609 	 9 
6610 	 9 
6611 	 11 
6612 	 10 
6613 	 10 
6614 	 11 
6615 	 11 
6616 	 6 
6617 	 9 
6618 	 10 
6619 	 12 
6620 	 3 
6621 	 12 
6622 	 11 
6623 	 8 
6624 	 9 
6625 	 7 
6626 	 6 
6627 	 5 
6628 	 10 
6629 	 3 
6630 	 7 
6631 	 4 
6632 	 10 
6633 	 6 
6634 	 6 
6635 	 7 
6636 	 5 
6637 	 10 
6638 	 7 
6639 	 6 
6640 	 7 
6641 	 9 
6642 	 10 
6643 	 6 
6644 	 10 
6645 	 13 
6646 	 13 
6647 	 6 
6648 	 9 
6649 	 3 
6650 	 7 
6651 	 5 
6652 	 13 
6653 	 7 
6654 	 7 
6655 	 8 
6656 	 5 
6657 	 9 
6658 	 6 
6659 	 9 
6660 	 23 
6661 	 6 
6662 	 7 
6663 	 7 
6664 	 7 
6665 	 9 
6666 	 6 
6667 	 9 
6668 	 7 
6669 	 8 
6670 	 6 
6671 	 7 
6672 	 10 
6673 	 9 
6674 	 14 
6675 	 9 
6676 	 10 
6677 	 7 
6678 	 4 
6679 	 10 
6680 	 11 
6681 	 6 
6682 	 8 
6683 	 6 
6684 	 9 
6685 	 7 
6686 	 6 
6687 	 10 
6688 	 6 
6689 	 5 
6690 	 7 
6691 	 6 
6692 	 8 
6693 	 8 
6694 	 10 
6695 	 6 
6696 	 11 
6697 	 6 
6698 	 9 
6699 	 7 
6700 	 8 
6701 	 7 
6702 	 8 
6703 	 11 
6704 	 10 
6705 	 8 
6706 	 10 
6707 	 9 
6708 	 6 
6709 	 9 
6710 	 6 
6711 	 6 
6712 	 7 
6713 	 10 
6714 	 7 
6715 	 10 
6716 	 7 
6717 	 8 
6718 	 11 
6719 	 6 
6720 	 18 
6721 	 10 
6722 	 8 
6723 	 7 
6724 	 6 
6725 	 6 
6726 	 3 
6727 	 7 
6728 	 4 
6729 	 9 
6730 	 6 
6731 	 9 
6732 	 9 
6733 	 7 
6734 	 6 
6735 	 7 
6736 	 6 
6737 	 5 
6738 	 8 
6739 	 6 
6740 	 7 
6741 	 7 
6742 	 6 
6743 	 11 
6744 	 19 
6745 	 5 
6746 	 5 
6747 	 7 
6748 	 5 
6749 	 6 
6750 	 6 
6751 	 3 
6752 	 5 
6753 	 6 
6754 	 6 
6755 	 8 
6756 	 3 
6757 	 3 
6758 	 4 
6759 	 5 
6760 	 3 
6761 	 4 
6762 	 4 
6763 	 5 
6764 	 4 
6765 	 1 
6766 	 6 
6767 	 4 
6768 	 4 
6769 	 6 
6770 	 3 
6771 	 4 
6772 	 4 
6773 	 8 
6774 	 9 
6775 	 3 
6776 	 1 
6777 	 4 
6778 	 4 
6779 	 4 
6780 	 17 
6781 	 5 
6782 	 5 
6783 	 2 
6784 	 4 
6785 	 7 
6786 	 2 
6787 	 4 
6788 	 3 
6789 	 2 
6790 	 4 
6791 	 5 
6792 	 3 
6793 	 2 
6794 	 4 
6795 	 3 
6796 	 5 
6797 	 5 
6798 	 2 
6799 	 4 
6800 	 3 
6801 	 2 
6802 	 5 
6803 	 3 
6804 	 4 
6805 	 4 
6806 	 4 
6807 	 4 
6808 	 4 
6809 	 5 
6810 	 3 
6811 	 3 
6812 	 3 
6813 	 3 
6814 	 4 
6815 	 6 
6816 	 5 
6817 	 2 
6818 	 3 
6819 	 2 
6820 	 1 
6821 	 4 
6822 	 4 
6823 	 3 
6824 	 3 
6825 	 3 
6826 	 2 
6827 	 3 
6828 	 2 
6829 	 1 
6830 	 3 
6831 	 5 
6832 	 2 
6833 	 4 
6834 	 3 
6835 	 3 
6836 	 2 
6837 	 3 
6838 	 4 
6839 	 2 
6840 	 12 
6841 	 3 
6842 	 2 
6843 	 2 
6844 	 5 
6845 	 3 
6846 	 5 
6847 	 3 
6848 	 4 
6849 	 5 
6850 	 3 
6851 	 2 
6852 	 3 
6853 	 1 
6854 	 3 
6855 	 2 
6856 	 5 
6857 	 3 
6858 	 3 
6859 	 3 
6860 	 6 
6861 	 4 
6862 	 5 
6863 	 7 
6864 	 5 
6865 	 5 
6866 	 6 
6867 	 2 
6868 	 2 
6869 	 2 
6870 	 2 
6871 	 1 
6872 	 4 
6873 	 2 
6874 	 3 
6875 	 3 
6876 	 0 
6877 	 1 
6878 	 6 
6879 	 2 
6880 	 1 
6881 	 2 
6882 	 1 
6883 	 1 
6884 	 1 
6885 	 3 
6886 	 1 
6887 	 1 
6888 	 2 
6889 	 2 
6890 	 0 
6891 	 1 
6892 	 3 
6893 	 6 
6894 	 0 
6895 	 3 
6896 	 2 
6897 	 0 
6898 	 3 
6899 	 0 
6900 	 18 
6901 	 6 
6902 	 5 
6903 	 8 
6904 	 9 
6905 	 6 
6906 	 5 
6907 	 5 
6908 	 6 
6909 	 5 
6910 	 4 
6911 	 5 
6912 	 7 
6913 	 9 
6914 	 5 
6915 	 4 
6916 	 10 
6917 	 6 
6918 	 12 
6919 	 7 
6920 	 7 
6921 	 9 
6922 	 10 
6923 	 6 
6924 	 7 
6925 	 11 
6926 	 6 
6927 	 6 
6928 	 4 
6929 	 7 
6930 	 4 
6931 	 7 
6932 	 6 
6933 	 4 
6934 	 5 
6935 	 4 
6936 	 7 
6937 	 2 
6938 	 2 
6939 	 3 
6940 	 6 
6941 	 4 
6942 	 1 
6943 	 2 
6944 	 2 
6945 	 2 
6946 	 3 
6947 	 4 
6948 	 2 
6949 	 6 
6950 	 1 
6951 	 0 
6952 	 3 
6953 	 4 
6954 	 8 
6955 	 6 
6956 	 5 
6957 	 2 
6958 	 3 
6959 	 8 
6960 	 21 
6961 	 5 
6962 	 4 
6963 	 4 
6964 	 7 
6965 	 5 
6966 	 6 
6967 	 6 
6968 	 4 
6969 	 7 
6970 	 5 
6971 	 6 
6972 	 6 
6973 	 5 
6974 	 1 
6975 	 7 
6976 	 6 
6977 	 4 
6978 	 3 
6979 	 2 
6980 	 5 
6981 	 10 
6982 	 8 
6983 	 8 
6984 	 3 
6985 	 1 
6986 	 9 
6987 	 0 
6988 	 3 
6989 	 4 
6990 	 4 
6991 	 4 
6992 	 1 
6993 	 3 
6994 	 5 
6995 	 6 
6996 	 0 
6997 	 5 
6998 	 5 
6999 	 7 
7000 	 3 
7001 	 3 
7002 	 3 
7003 	 6 
7004 	 5 
7005 	 0 
7006 	 2 
7007 	 5 
7008 	 3 
7009 	 5 
7010 	 3 
7011 	 2 
7012 	 5 
7013 	 3 
7014 	 8 
7015 	 4 
7016 	 1 
7017 	 6 
7018 	 7 
7019 	 4 
7020 	 6 
7021 	 2 
7022 	 2 
7023 	 5 
7024 	 0 
7025 	 0 
7026 	 4 
7027 	 4 
7028 	 5 
7029 	 0 
7030 	 1 
7031 	 6 
7032 	 5 
7033 	 0 
7034 	 8 
7035 	 4 
7036 	 3 
7037 	 4 
7038 	 4 
7039 	 1 
7040 	 4 
7041 	 2 
7042 	 5 
7043 	 2 
7044 	 3 
7045 	 2 
7046 	 6 
7047 	 2 
7048 	 1 
7049 	 2 
7050 	 5 
7051 	 5 
7052 	 2 
7053 	 0 
7054 	 6 
7055 	 4 
7056 	 2 
7057 	 2 
7058 	 3 
7059 	 1 
7060 	 0 
7061 	 7 
7062 	 2 
7063 	 1 
7064 	 1 
7065 	 1 
7066 	 4 
7067 	 4 
7068 	 1 
7069 	 1 
7070 	 3 
7071 	 2 
7072 	 0 
7073 	 3 
7074 	 3 
7075 	 2 
7076 	 1 
7077 	 0 
7078 	 3 
7079 	 1 
7080 	 12 
7081 	 2 
7082 	 1 
7083 	 1 
7084 	 2 
7085 	 0 
7086 	 3 
7087 	 0 
7088 	 2 
7089 	 1 
7090 	 3 
7091 	 2 
7092 	 3 
7093 	 2 
7094 	 3 
7095 	 0 
7096 	 4 
7097 	 3 
7098 	 2 
7099 	 2 
7100 	 2 
7101 	 3 
7102 	 2 
7103 	 7 
7104 	 4 
7105 	 0 
7106 	 1 
7107 	 0 
7108 	 2 
7109 	 3 
7110 	 0 
7111 	 0 
7112 	 0 
7113 	 1 
7114 	 2 
7115 	 2 
7116 	 0 
7117 	 0 
7118 	 2 
7119 	 0 
7120 	 1 
7121 	 0 
7122 	 0 
7123 	 2 
7124 	 1 
7125 	 3 
7126 	 5 
7127 	 2 
7128 	 3 
7129 	 2 
7130 	 2 
7131 	 7 
7132 	 1 
7133 	 0 
7134 	 1 
7135 	 3 
7136 	 2 
7137 	 3 
7138 	 1 
7139 	 3 
7140 	 15 
7141 	 3 
7142 	 1 
7143 	 2 
7144 	 3 
7145 	 3 
7146 	 6 
7147 	 1 
7148 	 4 
7149 	 2 
7150 	 2 
7151 	 3 
7152 	 4 
7153 	 1 
7154 	 3 
7155 	 4 
7156 	 3 
7157 	 4 
7158 	 4 
7159 	 3 
7160 	 2 
7161 	 3 
7162 	 7 
7163 	 2 
7164 	 2 
7165 	 5 
7166 	 0 
7167 	 3 
7168 	 3 
7169 	 4 
7170 	 1 
7171 	 2 
7172 	 6 
7173 	 1 
7174 	 1 
7175 	 5 
7176 	 4 
7177 	 3 
7178 	 2 
7179 	 8 
7180 	 1 
7181 	 3 
7182 	 2 
7183 	 2 
7184 	 2 
7185 	 4 
7186 	 2 
7187 	 1 
7188 	 3 
7189 	 2 
7190 	 1 
7191 	 1 
7192 	 2 
7193 	 2 
7194 	 7 
7195 	 2 
7196 	 2 
7197 	 2 
7198 	 0 
7199 	 0 
